testId,11,12,13,14,15,16,17,18,19,110,111,112,113,114,115,116,timeSpent,uid
72774,6,2,4,2,4,2,6,5,5,4,3,4,4,4,4,6,163,6474e531b61d1c298665
72942,2,1,6,2,5,3,2,6,3,6,2,1,3,5,5,3,88,93b6faa838da6855f121
73076,3,2,4,1,5,1,3,5,2,3,1,1,1,1,2,1,104,c1afcee8400833039143
73106,4,3,6,5,6,5,4,7,5,7,7,6,4,5,5,5,98,15f381981648890bd162
73172,3,1,4,1,5,3,4,5,5,6,3,1,2,3,3,4,129,7c1013224b65a081d974
73178,3,2,6,5,2,4,5,5,5,5,5,4,5,5,7,4,90,a7927a93b0ac95b336ba
73204,6,5,4,4,6,3,4,6,7,4,4,2,6,2,5,4,246,4f7a4c1aee42e5c8e8b5
73226,4,1,1,1,5,3,3,4,4,2,1,2,4,6,6,5,126,de2401f0e4e17d0c644d
73231,2,2,5,4,5,3,6,5,4,5,5,3,3,5,6,4,871,a7b847156dc7f6c498b2
73286,3,2,4,2,4,2,1,7,5,5,6,2,3,5,5,3,90,750a4a00ffcbe67e5db7
73417,4,2,5,3,4,3,7,6,7,5,5,6,5,3,1,4,129,4a1f0fa3dcffd49aab23
73455,3,1,2,2,3,2,2,4,4,6,2,4,4,6,4,5,190,0633627066210afdb584
73137,3,1,2,5,7,6,7,7,7,4,3,6,6,7,7,7,187,93f6efd5189bc2f27b54
73552,6,1,2,1,2,2,2,5,4,7,3,2,2,5,5,4,85,c0607cf2293dbe01d3ed
73688,5,5,5,3,3,3,7,3,3,5,3,5,7,4,5,3,148,db20122421b453063c33
73717,5,4,5,6,7,5,5,5,4,5,5,5,4,5,5,7,132,b54bba93647f4d149a6e
73736,4,2,5,3,4,3,6,6,5,5,4,3,4,7,7,7,192,9bba2b2565c516624bb7
73739,3,2,5,3,3,3,6,3,5,2,5,5,4,6,4,2,133,b4211abe38812cefe995
73862,1,1,2,6,7,7,2,7,7,6,7,7,7,7,7,7,72,b268bbe24a659fd07775
73870,3,3,2,1,5,2,4,3,4,6,4,3,5,6,3,3,68,643505aca0cda16756c0
73879,2,2,3,2,5,4,3,5,4,5,3,5,4,6,4,5,95,f07b8833c6b68a83671e
73899,5,4,4,1,5,3,5,6,6,4,2,3,2,5,2,3,109,4a6669d76845a4771177
73943,3,2,2,3,6,5,4,4,5,5,4,5,4,5,5,5,140,5e9bd9fa0e2b2c1d65c5
73982,6,3,3,2,5,2,5,5,5,4,5,3,3,4,6,3,101,73a428ea8827ffb7687a
74173,6,3,6,2,6,6,6,6,6,4,4,6,3,6,7,6,298,ca753b78bbc287d3182a
74251,1,1,1,1,2,1,2,5,3,4,3,3,1,4,2,3,89,05238f2783ad2e582169
74306,3,3,6,2,5,2,7,6,5,7,2,6,1,7,5,5,103,c55a7b25f359bd7a761a
74323,3,3,3,3,3,3,5,5,3,6,5,3,3,5,6,2,93,f65088d40423b5e72324
74338,3,5,6,3,3,6,2,6,4,3,5,2,2,4,6,3,115,8fd25c404514739d06a9
74362,5,4,7,2,4,5,6,5,5,4,4,3,5,4,4,3,74,8b96b2eba790c5478648
74402,5,4,4,4,5,3,4,5,5,4,5,5,5,5,5,5,120,2fd0565646dd07ba3b6b
74419,5,4,4,5,6,4,4,5,5,4,4,5,5,5,5,6,84,9e1637cb998028362c33
74440,4,3,3,2,3,2,2,3,3,2,3,3,2,2,2,2,76,cecb2c359d12ef875358
74489,6,5,7,7,6,5,6,6,7,2,5,7,7,7,2,7,115,6797882cfcd474fc1d83
74496,4,5,4,5,3,5,2,4,5,5,5,4,6,5,6,3,48,6797882cfcd474fc1d83
74511,3,3,3,3,3,3,5,5,5,2,2,6,5,5,4,3,131,73486734f84ad4dd4dcc
74545,4,4,4,3,3,3,3,4,4,4,4,4,4,4,4,4,73,eb2033b5b60cb5e68996
74557,4,4,4,4,4,4,4,4,4,4,4,4,4,4,4,4,40,56fe86e4d1363e1a38f2
74573,4,4,4,4,4,4,4,4,4,4,4,4,4,4,4,4,26,f497a6ec862298a5f6ca
74642,5,6,5,7,6,2,7,7,5,5,6,1,3,6,7,5,284,c300685fc71fe479eb9d
74680,3,4,4,4,4,4,4,4,4,4,4,4,4,4,4,4,48,870d821c575fb4d6fa3e
74758,,2,5,1,2,2,6,5,5,5,3,5,3,7,6,3,84,35823aa38de2efb9c97a
74764,4,4,4,4,4,4,4,4,4,4,4,4,4,4,4,4,32,d5c963799e15fb2b6b32
73720,4,4,4,4,4,4,4,4,4,4,4,4,4,4,4,4,85,8da30b1ecf285ec0fe17
74774,3,5,5,5,3,6,3,3,2,5,3,2,1,2,2,1,237,4233181fc4c9bc696970
73768,4,4,3,4,4,3,4,4,5,5,4,4,5,4,5,5,59,8da30b1ecf285ec0fe17
74790,1,1,1,1,4,4,1,7,4,1,1,1,5,3,5,1,864,4e4d8bb4d36136905a42
74870,1,1,1,1,1,1,1,1,2,4,2,1,1,2,2,1,114,d1b535497b9a5050b5d4
73934,5,5,5,5,5,5,5,5,5,5,5,5,5,5,5,5,84,52790d7e8f7efaacd519
74930,2,2,6,2,6,4,6,6,7,6,2,2,2,4,5,5,134,85f13660defe7b3cd695
74946,3,2,4,2,3,2,1,5,4,3,4,1,2,6,4,1,80,c1fe874d181f0efbf20f
74101,6,4,6,3,6,6,6,7,6,3,4,4,4,7,6,6,3656,cc97d375004b0cf31e18
75045,4,1,1,1,6,1,5,7,6,4,3,5,4,4,4,7,98,56c0491c6da4efc849d4
75079,4,4,3,2,5,3,4,6,5,3,3,4,4,3,2,4,99,f9d4f384038d1cb93102
75123,4,3,5,4,7,5,7,6,7,5,5,5,5,6,6,6,110,c3ab7162adad35d4aa07
75157,2,1,1,1,4,3,6,5,3,5,5,2,4,6,2,2,123,5bf1e455cb8b3cbeecba
75174,3,1,6,3,6,4,6,5,6,2,2,3,5,7,7,3,208,36807386ae0203d7dfc7
75208,4,1,2,1,4,4,7,5,5,6,3,4,7,7,3,2,82,5bf1e455cb8b3cbeecba
75209,7,4,4,2,2,4,4,6,2,5,3,2,3,4,3,3,116,ead2b11bd032e2918e37
75223,1,3,2,5,6,3,4,5,4,5,5,3,5,6,6,4,29,9a3cb0840cbcf53b2f80
75224,3,3,5,6,6,5,5,6,6,6,4,6,6,6,5,5,138,5334bfda9b005199e6e7
75233,1,7,1,7,1,7,2,4,4,4,4,2,5,4,5,3,25,9a3cb0840cbcf53b2f80
75244,6,2,4,3,5,6,2,2,6,3,6,3,6,3,6,1,26,9a3cb0840cbcf53b2f80
75254,3,2,2,2,7,3,2,6,6,6,2,4,3,2,3,2,165,65cb0a0fa4fa3149cf5f
75266,1,2,3,4,5,6,7,6,4,3,2,3,4,5,6,5,30,9a3cb0840cbcf53b2f80
75291,1,1,1,1,1,1,7,6,3,6,2,1,3,3,5,2,86,42b29c26e3334f399ebe
75329,1,1,7,3,7,3,7,4,6,3,3,6,6,6,6,6,175,6fd8f0cb386475ca4ba8
75341,1,2,2,3,4,2,3,2,3,2,1,2,4,3,5,3,171,cc6aabf754bc22f46e51
75378,1,1,2,1,4,2,2,4,4,4,4,2,3,3,4,3,119,b3ed7f77d1b66a3f04af
75556,2,2,5,2,3,4,4,6,4,4,4,4,3,5,5,4,97,ee1373a94cb46faac1ea
75560,2,2,3,7,7,7,7,7,7,7,7,5,7,7,7,7,100,58ece1cb7b46e47d596e
75667,5,3,3,2,3,2,3,4,4,3,3,3,3,5,5,3,182,ddb6e7718ea45e81659a
75689,3,3,5,4,7,5,6,6,7,5,7,7,7,7,7,7,102,587948a5b0b2a93682a7
75710,5,2,4,3,6,5,7,7,7,6,4,7,4,7,7,5,108,9d8203f1c2ad30aff23a
75792,1,1,3,1,1,6,6,5,6,7,7,6,6,7,7,7,101,31b2166a326e240bd580
75810,2,2,3,3,6,5,5,3,5,5,5,5,5,3,4,5,879,42a5632220af4bd4bb19
75830,7,7,6,5,7,5,6,7,7,6,5,7,5,7,4,7,105,b2ee7db560ccfcf447c9
75871,7,7,7,4,7,4,7,7,7,7,1,7,7,7,7,7,94,84a27da702578c2bd0a8
75895,6,2,4,2,7,2,4,4,6,1,3,2,2,2,2,2,154,874134aa04969e87e937
75919,4,3,3,3,5,4,2,5,4,1,2,3,5,7,7,5,91,9a2cae841e673241e75a
75951,2,1,2,3,7,2,1,5,5,2,2,5,5,6,5,6,108,ef1aa9e17ce5c8082318
75973,7,7,7,7,7,7,7,7,7,7,7,7,7,7,7,7,42,84a27da702578c2bd0a8
75984,2,1,1,6,6,5,1,4,6,2,2,5,6,7,7,7,68,ef1aa9e17ce5c8082318
75991,2,1,1,6,6,6,1,5,5,1,1,6,6,7,6,7,60,ef1aa9e17ce5c8082318
75999,4,2,4,4,,4,6,6,6,6,4,5,6,6,6,6,140,77d9e1cd9d8fe73d581e
76000,5,3,5,2,4,3,7,6,6,3,3,5,5,4,3,5,160,b43d13df4381f493a9cf
76023,5,4,5,5,7,7,6,7,7,6,7,6,5,6,7,6,648,d8c03b5f9344a94f5ec1
76043,4,2,5,3,7,2,3,6,6,5,4,3,6,6,6,7,132,14bdbae34d6ec9f06690
76164,4,2,3,6,6,3,7,7,6,5,6,6,6,5,5,7,72,4a59e94da1bb62688a38
76192,5,7,7,7,7,4,7,7,7,6,6,6,7,7,7,7,87,95c39a9ec40e7000150c
76196,7,7,7,7,7,7,7,7,7,7,7,7,7,7,7,7,105,13adbcc10d817ed436a8
76205,5,3,5,1,3,2,6,5,5,2,5,3,2,5,4,2,172,5b4bb1674e9a93f9c292
76216,5,4,5,4,5,4,5,4,5,5,4,5,5,4,5,4,190,525b589be1c8a48d0bf7
76256,4,1,4,1,4,5,4,4,3,5,4,3,3,6,5,4,186,5827e018889a09e1dc77
76295,6,5,2,3,7,5,7,7,7,7,7,4,4,7,7,7,230,1f42859346bedeea731e
76347,4,2,3,3,5,3,6,4,5,6,4,5,5,7,6,5,120,ccfd1b75ee5ec340025b
76352,5,1,2,1,2,1,5,3,4,2,2,3,4,5,3,2,90,d035447ad3930eb3b4de
76361,2,2,2,2,2,2,2,2,2,2,2,2,2,2,2,2,28,d035447ad3930eb3b4de
76385,5,5,5,5,5,5,5,5,5,5,5,5,5,5,5,5,57,1a9a031275bc5fc5bb1a
76420,5,1,4,3,5,1,7,5,3,3,3,4,6,5,6,6,144,c42afd94f270536e6755
76425,1,1,4,2,5,5,5,6,5,1,3,5,6,7,7,5,101,2c4a89fb60b57853a641
76460,7,5,6,5,6,6,7,6,7,6,6,6,6,6,5,6,116,8d4ee94f78ea59222e64
76465,4,5,5,5,7,6,7,4,5,6,7,7,6,7,6,7,87,b0351ab8f2d74e86b984
76497,6,5,6,6,6,7,6,6,7,5,6,6,5,6,7,6,27,b0351ab8f2d74e86b984
76508,4,4,3,5,7,5,7,7,6,3,4,6,6,7,7,6,119,5e27db0c89831293ee56
76526,2,2,2,2,4,2,6,6,3,2,2,2,2,6,4,5,121,6c42a102281774f385a8
74636,4,3,4,3,6,4,5,5,4,3,4,5,4,4,4,6,211,0ccaaf0630349918a644
76581,5,3,3,7,7,6,6,3,6,6,6,6,4,6,6,7,302,a99b8974f7256b5b6913
76610,5,3,5,3,6,3,3,5,6,3,3,4,2,5,4,5,127,30650e5765484a4f0e3b
76625,6,4,4,4,4,4,4,4,4,4,4,4,4,4,4,4,55,6802b179c34e31ca8e0b
76678,3,2,4,2,2,3,1,2,2,2,2,2,2,4,3,2,103,35a787df7dfaf71bbc49
76687,4,2,3,4,2,5,7,2,4,3,4,4,4,2,3,2,122,f2a843ded7ba20973016
76732,4,3,5,5,6,4,6,5,5,5,5,5,5,5,5,5,68,b18cf6748458ad3f1a80
76784,3,3,3,3,3,3,3,3,3,3,3,3,3,3,3,3,41,5334bfda9b005199e6e7
76793,2,1,3,2,4,4,1,3,4,5,7,6,3,4,5,5,275,34ce0a603e1711fb102e
76801,5,2,2,3,6,5,5,6,6,5,5,5,4,4,4,5,101,1a28cd9554d220660198
76806,4,4,4,4,4,4,5,6,6,6,4,3,3,3,6,4,156,9e63c2958f007932e60a
76896,5,2,6,3,7,4,5,7,7,3,4,7,7,7,7,7,101,d2167b5c0c64d8bfa3fe
76902,4,3,5,5,5,5,4,6,5,5,6,5,5,5,5,5,96,d8b678c47becfde9e27e
76926,6,2,7,2,2,2,4,4,3,3,3,2,4,3,3,3,105,9b471c48044e5fd1a9ba
76963,5,5,6,2,6,,2,6,6,4,6,6,5,2,3,4,82,5d517f1fc1564dc99467
77000,6,3,7,4,6,4,7,5,6,5,4,6,4,7,6,7,221,d14bbfd4e0e8d80b7597
77014,5,4,5,1,6,3,3,5,5,4,3,6,5,5,5,6,220,11c1a5026e72d8d23d85
77018,6,5,3,2,5,1,2,5,5,4,4,5,5,3,3,4,158,96e9c7818ede1184f1c1
77052,3,1,5,1,5,2,4,4,5,4,4,3,4,3,3,3,112,d6568fa257773670f862
77054,4,3,2,1,5,3,1,6,5,3,5,4,3,7,7,4,203,9941a2d9d678b692e6b2
77082,5,5,5,5,5,5,5,5,5,5,5,5,5,5,5,5,64,dd26f2ed6a0afb061b89
77092,2,2,2,2,6,3,4,3,4,2,2,4,3,3,5,4,99,cc6aabf754bc22f46e51
77141,2,2,3,2,5,3,4,3,4,2,2,3,3,3,4,3,63,cc6aabf754bc22f46e51
77179,4,3,5,3,5,2,6,5,5,7,6,3,4,3,6,6,120,90209274d105bb1e5d57
77210,3,2,5,3,5,4,5,5,5,5,4,3,4,5,5,5,87,87dd178f50df8ec51768
77216,3,5,6,2,6,2,2,7,6,6,3,2,3,4,4,6,180,d8dca71fd6874637ff0d
77237,5,4,3,4,5,5,6,4,5,3,4,5,6,4,5,5,90,f2c7ffebaa7d9250d0dc
77260,2,2,3,4,7,3,5,6,6,4,5,4,3,6,5,6,194,a134875e108a7808fb8e
77268,3,3,5,2,4,3,5,3,4,3,5,4,4,5,3,3,217,07766a2eacd70f5f4547
77292,4,3,5,2,6,2,5,6,6,4,4,3,3,6,6,2,87,a134875e108a7808fb8e
77296,6,2,5,4,6,3,7,5,5,5,3,6,5,6,6,5,115,635a4f6658e98eecdb0b
77314,3,2,3,1,5,5,6,7,5,3,6,3,4,6,6,4,163,5dc4d56473e4ac53b868
77329,4,3,3,2,3,4,6,6,6,2,2,6,6,6,7,4,254,5dc4d56473e4ac53b868
77337,7,7,7,5,5,5,7,7,5,7,2,2,5,7,7,5,354,17ffb86c2218f3df5db7
77346,4,4,3,3,4,3,5,5,5,5,3,4,3,5,6,3,99,2df2928ecb1c98cb426e
77355,3,2,2,1,7,1,4,7,7,5,7,7,7,7,4,7,238,3267e30c63b4bd1c2205
77371,1,1,1,1,7,4,7,7,7,7,5,7,7,7,5,7,115,bc4c7c2986ecfb62d63d
77388,5,5,5,3,6,4,7,6,6,4,4,7,6,6,4,6,131,9a986552fba9efccab08
77393,1,1,5,5,5,5,6,6,5,6,7,5,4,7,7,7,483,46b5321fcd45ef46a8e5
77420,4,3,6,2,4,6,6,5,2,4,5,5,2,7,4,5,307,e3a69cbdcbd2701dc00b
77445,5,5,5,5,5,5,5,5,5,5,5,5,5,5,5,5,33,9a986552fba9efccab08
77456,7,7,7,5,7,4,7,7,7,7,7,5,7,7,7,7,175,1f42859346bedeea731e
77462,3,2,3,7,7,7,7,7,7,5,6,2,2,4,5,3,127,16423a5dec5862f4b63c
77489,5,5,5,5,5,5,5,5,5,5,5,5,5,5,5,5,23,9a986552fba9efccab08
77501,1,2,4,5,3,4,6,2,3,2,1,2,3,1,3,2,27,7b372b86c39f3270514a
77513,5,5,5,5,5,5,5,5,5,5,5,5,5,5,5,5,21,9a986552fba9efccab08
77524,5,5,5,5,5,5,5,5,5,5,5,5,5,5,5,5,21,9a986552fba9efccab08
77540,4,4,5,2,7,5,6,6,7,7,5,5,6,6,6,6,106,144384d690abccfb5437
77621,2,2,2,2,4,4,1,3,3,5,2,2,4,4,4,2,80,7bd53527331361fcdde9
77651,7,5,7,5,7,7,7,7,7,5,7,6,7,7,7,7,88,55f660a87f5bb7a72743
77671,6,1,5,1,5,5,2,6,3,3,3,3,4,2,6,4,97,1a7ce6b39b141127d5fe
77700,4,2,2,2,5,5,5,6,5,2,2,2,4,3,5,4,103,1b5d2c00395744fd5521
77697,5,2,3,5,6,5,4,6,6,6,4,5,4,5,4,6,170,21d7802f331a70abf592
77724,5,3,5,6,6,6,5,6,6,6,6,6,6,7,7,6,44,aa3b0013d4a833374eb0
77741,5,5,6,4,7,5,4,7,7,5,6,6,5,7,7,7,114,92bc4acb5f4bc5b74610
77749,6,2,4,1,5,4,2,5,3,3,4,5,3,5,2,2,35,1a7ce6b39b141127d5fe
77799,7,5,7,5,7,7,7,7,7,5,7,7,7,6,7,7,78,55f660a87f5bb7a72743
77828,5,2,5,3,6,3,6,5,4,2,5,4,5,5,5,5,137,6d909acdb9f977627151
77909,4,2,6,2,3,3,6,5,2,4,5,4,3,6,4,3,118,e24cfdc567e3ee409b14
77928,1,1,1,1,1,1,5,1,4,5,1,1,5,3,3,5,23,bc4c7c2986ecfb62d63d
78109,4,2,3,3,5,3,4,3,4,5,5,3,2,3,5,4,149,6106eca228f0c1a5d7e1
78098,7,1,7,7,7,5,7,4,5,7,7,6,7,6,7,7,641,541ecc0ab243e171ea5d
78187,6,4,5,3,2,4,5,4,5,6,4,3,3,3,5,4,85,ea11538b2cac3118d30d
78200,4,1,1,1,7,1,1,7,7,4,4,7,4,4,3,7,107,5375ba34a000434d01c1
78220,3,2,4,2,3,3,6,6,4,3,5,3,6,7,5,4,106,8e9107a26147a2280b8d
78230,1,1,3,1,2,3,4,4,1,5,3,4,3,1,1,2,134,946098a84e25fd32c34d
78268,1,2,5,1,4,2,2,6,3,4,4,6,4,6,4,2,139,37ac3b3fbb8220ccb7a5
78280,1,1,5,5,5,5,5,6,6,1,1,4,4,5,6,6,88,a6a89a429fb5deb60143
78404,3,1,4,1,2,1,3,3,3,5,2,2,1,1,1,1,142,2d0d3753356c5a3a8225
78409,1,1,3,1,4,4,3,3,4,2,2,2,3,7,2,2,132,770e8a9799d756bc4bd2
78475,2,1,2,1,1,2,4,2,1,3,2,1,4,3,2,1,84,f9d26be55da1de63ab45
78585,1,1,4,2,4,1,7,3,5,3,1,1,1,4,2,2,96,7b9a1acea6643e7f6ce0
78667,6,4,7,6,7,7,4,6,6,6,6,6,6,6,7,6,144,bea1580c121fc9ce0b90
78827,4,3,5,4,6,5,5,6,5,5,1,5,5,7,5,5,170,b69b4a5799e20fac1dfa
78848,3,2,3,2,3,2,3,4,4,3,2,3,2,3,4,3,112,435a3301770d6bb405d5
78956,1,1,1,1,1,1,1,1,1,1,1,1,1,1,1,1,60,210074e0433dc17c5933
78945,1,2,3,2,2,2,2,6,4,5,3,5,4,5,3,2,168,37ac3b3fbb8220ccb7a5
79024,2,1,5,1,6,5,1,5,6,1,2,4,4,5,3,5,90,e58207dfe55018de4220
79100,3,3,5,2,4,5,2,5,4,5,4,5,2,3,5,3,79,c69190c1c16f2d223f4d
79198,2,2,3,3,5,4,1,4,4,3,6,5,3,7,6,4,89,959ad05d055cd42dc107
79222,4,2,5,3,5,3,6,5,5,1,4,3,3,3,5,4,113,78859706823ae662a078
79371,4,2,4,3,5,3,5,5,5,4,3,3,6,5,5,4,224,a4d488de676ae54cd0be
79383,3,1,3,2,4,2,4,6,4,2,2,3,3,4,5,3,121,fdb0f65eb21bbba0b592
79432,1,1,2,1,2,1,3,1,2,1,1,2,5,4,6,3,97,4a1482533941026c22c1
79457,5,4,5,5,6,6,4,5,6,4,5,5,6,6,5,5,107,07b58659ee0bf9bb6589
79446,2,1,5,1,4,2,2,5,5,3,4,4,3,2,5,5,196,7f369d0a41519afab2be
79501,2,2,3,1,5,2,5,4,5,3,2,1,5,6,2,4,200,aa913018a9a7bad95d58
79559,1,1,5,1,6,6,1,7,7,6,1,3,7,1,5,7,120,f343be8474dbc8ada506
79566,5,3,4,4,5,5,5,6,5,5,5,4,5,6,6,5,104,925b3673a6e9308d89c3
79590,4,1,1,1,1,1,1,4,5,2,1,1,1,4,4,1,96,3698630db512e9f51682
79773,4,4,6,2,5,4,5,4,4,2,4,3,3,6,6,3,104,e724f9fdfc75a0e56bdf
79925,7,7,7,7,7,7,7,7,7,7,7,7,7,7,7,7,65,c168fc19291373193761
79941,2,2,3,3,6,5,4,6,6,2,4,4,3,3,4,5,113,08b9bdae1e2b541de3b3
74950,4,3,3,2,5,2,4,4,4,5,4,4,4,4,3,4,154,d30ddd5e85bfb0829df1
79983,5,1,4,2,2,2,4,4,4,5,2,2,2,2,2,2,126,d6b3439e0e87cad426f3
80050,2,1,4,1,3,3,5,5,3,1,3,2,1,3,5,1,108,ee301450b226fb0f6b92
80064,4,2,3,3,5,4,1,5,5,2,3,5,5,6,3,3,122,70a42cf3e060c3cca8e6
80123,1,1,3,1,1,1,1,1,1,1,2,3,2,1,1,1,58,d6b3439e0e87cad426f3
80117,5,2,2,2,3,2,3,4,5,5,7,4,4,7,7,3,106,28cd31cb0e36055c81da
80134,6,1,4,1,7,5,7,6,5,6,7,6,3,7,4,3,122,ad7e5c54b7c066f87412
80153,4,2,4,1,4,2,4,5,4,6,3,1,3,4,4,1,118,2a2e4c69aea6f174d68e
80242,6,4,7,2,5,3,6,3,5,4,4,3,5,2,7,3,131,be03f3455378ce347456
80282,4,5,4,1,5,4,4,4,4,4,4,4,4,4,4,4,223,0c868e8ca22b07efc39d
80310,4,4,1,1,7,1,1,7,7,4,1,4,4,7,4,7,100,76845e777904bf4892e7
80401,4,1,7,3,5,5,7,5,5,2,7,6,7,7,7,7,125,0d210c819af888df135d
80431,1,1,7,4,7,7,7,7,7,1,7,7,7,7,7,7,56,0d210c819af888df135d
80496,4,2,4,5,6,5,3,6,6,6,2,5,5,5,5,7,143,9140a5788b90c4ab872b
80571,2,3,6,1,5,3,6,3,3,2,3,3,3,2,3,1,114,e7a061b28ff718e19efb
80600,1,1,4,1,1,1,1,7,1,1,1,1,1,1,1,1,53,1531c8101d91ff3cc2f9
80628,2,2,4,2,4,3,2,5,4,5,3,3,5,5,4,4,126,b22896ed002a969dd508
80632,6,1,1,1,3,2,5,5,5,3,1,5,2,6,6,3,123,3397ee4601afe3baf761
80674,4,3,2,1,6,2,6,5,5,4,3,3,4,3,5,5,100,85394033d54f5b778b5a
80798,3,2,5,4,3,3,6,6,4,5,4,5,5,6,3,5,216,590a3111051480e29005
80853,4,4,3,4,4,3,4,3,3,4,3,3,4,3,4,4,91,0c868e8ca22b07efc39d
80899,4,5,6,2,5,5,5,5,5,6,5,5,5,3,5,4,92,1a20358f15647b55ef53
81065,4,3,4,3,7,3,6,6,6,4,4,5,4,6,5,6,106,74bd217cc9e37c428f61
81165,1,1,2,2,3,2,3,4,3,1,2,2,2,2,3,2,114,6f755a2e039a472b0600
81228,3,3,2,4,5,2,5,5,5,4,3,3,4,6,6,5,83,314d34aa6d2f3a8e5452
81238,,,,,,,,,,,,,,,,,17,28a25e0fb210850cc93b
81330,7,2,4,1,5,3,5,6,4,3,3,1,1,2,6,3,115,4fd6443965af75ac06c3
81370,4,3,4,2,4,4,2,4,5,5,4,3,3,5,5,4,120,beca7c05947220c73123
81392,4,1,1,1,7,4,5,3,4,2,3,4,5,4,7,4,62,d1cc137f2fe81aa7a3c8
81476,6,4,7,4,7,5,3,7,7,4,6,7,2,6,7,7,521,99b0f09ed6fecfcdcda8
81590,2,2,3,3,4,3,2,5,4,3,3,4,3,4,4,3,105,ae7c4da0839cce80ff0c
81620,4,2,6,5,6,4,6,6,6,5,4,5,4,4,4,5,123,6d88b6921235cce036c3
81630,3,1,5,1,2,2,5,6,4,2,3,1,3,3,4,2,82,a0040f5af92248d8bc38
81660,2,1,3,1,4,2,1,5,4,5,3,2,2,5,3,3,90,9a6a67857787b033d037
81745,2,2,2,2,3,4,3,6,3,6,2,2,3,3,4,3,111,b58196565ed86feacd97
81744,5,5,6,6,6,6,7,6,6,6,6,7,6,7,7,6,145,4708bd72c85d89cef582
81750,5,2,5,3,6,6,6,5,5,3,5,3,4,6,7,4,119,64a981a48b63385cfc7b
81778,1,1,3,3,4,2,5,5,3,4,3,2,3,3,3,2,134,c2cf1a918fe14050a382
81805,6,3,5,3,6,4,7,6,6,3,3,3,5,5,7,4,116,5a0411371df7b2029d25
81879,2,3,5,4,5,5,6,6,3,4,6,1,1,3,5,3,247,663ff1395ba2e3c0e05f
82018,4,3,3,2,5,3,5,5,5,4,3,5,4,4,4,3,140,2eb55b972be9cf9239f9
82029,3,2,4,2,4,3,4,5,5,3,3,3,2,6,3,2,110,1c675f43a27f7560889d
82179,6,2,3,4,6,4,3,5,6,7,5,4,4,4,5,6,107,f381d70c347cb88c06dd
82209,3,1,5,3,5,5,4,3,5,3,3,4,5,6,6,5,132,31a5629cd52fac6faeeb
82261,2,2,4,2,3,3,2,5,4,2,2,4,3,5,5,3,131,b8a36cb624fa1c260487
82329,2,1,3,3,2,1,5,5,5,2,4,5,4,5,3,3,111,18675c09ce7735435ab1
82365,1,1,1,1,1,1,2,2,1,7,1,1,1,1,1,1,92,1d8c801fb7bfa34aef5c
82375,2,2,4,1,1,2,3,2,4,5,5,6,4,4,5,4,202,3c43a7d0310bd2e751cc
82403,3,1,2,1,6,1,3,5,5,1,2,4,2,1,1,2,104,7ae5625d42191f31d9d7
82427,3,2,5,1,6,3,5,4,3,1,1,2,7,6,4,3,211,9411d8300fd1360145a6
82438,2,2,7,3,3,2,6,7,4,3,6,6,2,4,6,5,112,5da9428c243feab5a841
82491,4,3,5,4,5,5,5,6,5,6,5,4,4,3,5,4,112,b58dc21fe5af70c6207b
82506,5,2,5,2,5,3,6,5,5,6,5,3,4,6,5,5,156,da10c15eeab27ca1ae4d
82586,5,1,2,1,7,3,3,5,5,2,5,5,5,5,5,5,182,9b77791a4f403dc610ef
82628,4,1,5,1,5,2,7,7,4,2,1,2,3,5,2,5,82,d5f00b8037b9b7aff883
82665,3,2,4,2,5,3,4,5,6,5,4,3,4,3,3,2,202,37e6d418ae3ab4f36c84
82734,5,2,5,3,5,4,7,4,6,6,3,2,6,6,5,3,100,23252ac8a8ca3766c942
82747,3,2,3,2,3,4,2,5,4,3,3,3,4,5,4,3,150,c2041382dc154058f174
82841,,,,,,,,,,,,,,,,,12,8af0883e9630a9f4a6bb
82803,3,2,3,3,5,3,5,4,5,4,4,2,4,3,4,3,931,653271fabeb5e4c6071c
82860,5,3,3,2,4,3,4,5,4,5,4,4,3,5,3,3,95,aacb13e57df9c6b706e1
82962,2,2,4,2,5,4,3,5,6,2,3,6,6,4,3,6,104,1e4edc4f4a4bb8deda96
82968,5,3,5,5,5,6,6,6,5,6,6,6,6,7,6,6,72,9f34341fdb2dd6930022
82985,7,3,5,3,7,6,6,7,6,4,2,7,5,7,7,6,123,b2cb9928c63dc7bbc00c
83041,2,1,2,1,5,3,6,6,6,4,5,3,3,5,6,3,123,f7cc47312c750f006b0a
83235,2,1,2,2,2,3,4,6,3,3,5,3,5,6,7,5,107,0378ea69ff840052501e
83248,5,2,3,3,6,3,4,6,6,2,5,5,5,6,6,5,139,fd7c1710a195f34ea11c
83251,4,2,3,1,3,1,4,2,4,1,3,2,4,3,6,3,124,89025b760cd86b085b8b
83376,5,3,6,1,5,2,7,6,5,3,5,5,4,5,5,3,132,c1b389f82503c430bc6c
83620,3,2,4,2,3,4,6,4,4,1,2,4,4,4,4,4,132,fcd753ff221f435fc352
83645,5,4,5,3,6,5,7,7,5,5,5,4,6,6,7,3,91,f9d474ef69311b50f061
83827,4,2,3,5,6,4,5,7,5,5,6,6,5,5,6,5,155,68809b7c2424513b8aae
83858,2,1,3,1,5,2,5,6,5,3,2,4,2,5,4,4,138,b654d2e387d8d5f8e13a
83909,4,2,2,2,4,4,6,7,7,7,5,7,7,7,6,7,86,bec4ea7971f27be99012
83944,4,1,4,1,1,1,1,4,2,7,1,1,2,4,4,2,95,4ad039bee1f4e8234fb8
84032,4,2,3,5,5,4,3,6,6,6,5,6,5,7,5,6,133,26c82f3523266ba76737
84042,4,1,2,1,5,3,5,7,5,7,6,3,5,7,7,3,58,bf79807c68c7f298e468
84155,2,2,3,1,5,3,7,3,4,1,6,2,2,4,4,5,638,689f03685f62c7ddcb69
84199,3,2,5,3,6,2,3,4,6,2,2,3,6,6,5,3,145,158f6def84220f8fc1e4
84230,3,2,3,2,4,3,6,5,4,6,4,2,4,5,5,3,93,4c24913675798b9f1644
84276,3,2,4,5,,,2,2,4,4,4,4,,5,3,4,61,4521c36142ccb47d0055
84296,4,2,4,3,5,2,5,6,5,2,5,5,4,3,5,6,75,24594655ab2f32751d0b
84293,2,4,5,4,6,6,5,4,6,7,6,7,6,7,6,7,166,c3ab7162adad35d4aa07
84331,7,6,7,3,5,3,6,5,5,7,6,6,7,7,5,5,100,64a9dd1ebed8a7c245a9
84343,2,5,4,2,7,5,4,6,7,6,5,5,6,5,6,6,234,c3ab7162adad35d4aa07
84388,2,2,3,2,4,2,1,4,5,5,3,3,4,6,6,4,140,e3f966ab40e56878758a
84398,1,1,2,3,3,4,5,3,3,2,2,2,3,5,4,2,101,c96aa8a085baeeedf5f6
84400,2,2,2,2,5,4,5,5,6,4,5,5,5,5,5,5,90,31ed60b63f5d63f298dc
84468,1,1,2,4,5,3,3,5,7,1,5,5,6,7,7,4,107,3d332469aef2235ea21a
84490,7,6,5,4,3,2,1,2,3,4,5,6,7,6,5,4,39,4521c36142ccb47d0055
84521,1,1,3,2,4,3,5,4,3,3,4,3,4,4,5,4,112,67b59d42fb0c763f829d
84548,3,4,5,3,3,4,5,4,3,4,4,4,6,5,5,2,39,1b5d2c00395744fd5521
84550,4,5,6,2,3,4,3,5,4,5,4,1,3,5,5,2,160,3515e87b8815cdd0c54a
84644,1,2,2,1,2,2,6,5,3,4,6,2,2,6,2,3,280,25865aa664da19bfeea0
84752,2,3,3,2,4,2,6,5,3,4,6,3,3,4,3,4,549,25865aa664da19bfeea0
84785,2,2,3,1,4,3,4,5,4,5,2,5,3,5,5,3,103,81e0f7da93b0302b9609
84783,3,2,6,2,2,2,6,5,2,5,4,2,2,3,5,2,277,e06647ef0801d82386ba
84828,1,1,6,2,1,1,7,6,2,2,2,1,1,5,5,1,138,efbee07be6aa9ee6ea9c
84864,7,4,1,1,5,5,7,7,5,1,5,2,3,7,5,2,85,c3a645542f351aead460
84937,2,1,2,1,2,2,4,3,4,6,2,2,3,3,4,2,113,1d4c0735302f79f1f3df
84987,5,3,5,4,5,5,5,6,5,3,5,4,2,5,4,3,80,b8a37cad2b82cdc6466c
85007,5,6,7,6,5,4,5,4,3,4,3,4,5,6,5,6,67,381823fe845682c4cd75
85003,2,2,7,2,2,2,6,6,2,4,5,2,2,2,5,2,111,e06647ef0801d82386ba
85066,4,2,3,2,5,4,4,5,4,3,4,5,4,3,5,5,129,5294e1d4ec634decd647
85088,1,1,1,1,5,2,4,1,5,1,1,3,4,4,6,4,100,bf8cd6e7265ef4704127
85118,5,1,7,1,3,3,7,7,4,6,6,2,3,2,7,6,149,6cce4adf35038097bab5
85125,4,4,4,4,4,4,4,4,4,4,4,4,4,4,4,4,25,5294e1d4ec634decd647
85160,5,3,4,1,5,3,7,6,6,5,5,3,5,2,5,5,76,694c764233582cbe11e8
85164,4,2,4,2,7,3,5,7,7,6,5,6,4,6,5,4,121,177336443946db1ea86d
85196,4,2,5,3,5,5,7,5,5,2,4,6,6,6,5,4,126,cb4db381156845d040ed
85332,2,1,4,1,1,3,6,6,2,2,6,1,2,6,6,3,99,559ff0fad153c3b1c3a6
85342,4,4,4,4,4,4,4,4,4,4,4,4,4,4,4,4,43,126a25afa450dd3fc5b5
85350,4,4,4,4,4,4,4,4,4,4,4,4,4,4,4,4,35,a6b7d720dafa5d9524f3
85360,2,2,4,2,6,3,5,5,6,3,3,4,4,5,4,3,88,0733ff5f8e011d3c7cc1
85362,3,3,4,2,6,2,2,6,6,5,2,5,5,2,6,6,113,990096889f57b2061fb3
85378,4,3,5,4,5,4,5,6,4,5,5,3,4,7,4,5,108,90209274d105bb1e5d57
85383,4,3,2,2,4,4,5,4,4,6,4,4,6,6,5,4,115,ccfd1b75ee5ec340025b
85392,7,6,5,4,3,4,3,2,3,4,2,3,5,3,4,3,105,2c1ceb7a667464ccf285
85445,5,4,5,3,4,3,3,4,5,5,3,4,4,5,3,4,46,cb4db381156845d040ed
85563,3,2,5,1,3,5,7,6,4,7,3,4,2,5,1,5,86,c7ce36e94c309cfadb82
85579,3,3,5,2,4,4,6,4,4,5,5,4,3,5,2,3,80,1de5f3cc9117824bb622
85624,5,4,5,3,5,2,5,5,4,4,3,2,4,5,5,3,83,b105e4d3856e47443f47
85639,6,2,4,3,3,3,5,4,4,4,3,4,2,3,2,2,196,727313d76d9d00a769cd
85724,3,2,4,1,6,2,7,6,5,2,4,3,1,6,6,5,149,60446b5045fd82a0c246
85831,3,3,5,4,6,5,6,5,5,4,5,5,5,5,6,5,350,61ca9ac9170e5ccb1aa8
85858,4,1,5,2,5,4,5,5,5,3,4,5,6,6,5,4,76,06b81976c253d43dcfac
85908,2,1,5,3,3,3,1,5,5,3,5,4,5,3,6,4,72,e0ce1fec6103eb61d457
85967,4,2,4,1,5,2,7,5,5,2,1,3,,2,4,4,85,2ffe7914ae4343151a13
85998,4,3,4,4,6,4,4,5,6,4,6,5,5,5,4,5,161,21d7802f331a70abf592
86011,6,6,6,6,6,6,6,6,6,7,7,6,6,6,6,6,44,d8deacb958693e260a2c
86008,2,1,1,3,7,3,1,6,7,6,3,6,2,6,4,4,116,87ba2297875e975e9fdd
86030,4,2,4,3,5,4,5,4,5,7,3,4,2,4,4,4,128,f14222f276d9c11e00e3
86054,5,5,6,5,6,4,5,6,5,5,4,5,5,5,5,5,100,d0a66b5241a765c0e99e
86065,6,6,6,6,6,6,6,6,6,6,6,6,6,6,6,6,45,d8deacb958693e260a2c
86082,5,1,5,3,5,4,5,5,5,3,3,4,4,6,6,4,106,864a8ff9dcbefaf8cf66
86108,2,5,6,1,5,2,3,6,5,4,6,4,2,5,4,6,208,8d23a1c9c064ca0c5c76
86193,2,2,5,2,4,6,4,4,5,1,3,1,3,6,6,5,145,c8c5e901941dcd7c17a0
75020,5,2,5,4,4,2,5,5,5,7,3,4,4,5,4,5,156,53bc695ffa787aa6895a
86263,4,2,6,4,6,6,4,5,6,6,6,4,5,5,7,4,148,a613767209b9372dd807
86288,2,1,4,1,4,1,3,1,4,5,3,5,6,5,4,3,75,a9688a549d9f8d5c1072
86327,4,4,4,2,6,5,4,4,5,4,4,4,4,5,5,5,105,679dd607383bdbc736a3
75030,2,1,2,1,2,1,2,2,3,3,2,1,2,4,4,2,116,87c2d87f862277ec63ed
86346,2,3,6,4,5,5,6,6,6,6,5,6,4,4,6,7,129,1669b2fb9fe3af0a1bda
86401,5,2,3,2,3,4,5,3,3,6,3,5,4,5,3,3,68,411bbc7a332b5a80dfbb
86449,4,3,5,2,5,2,6,6,5,5,4,4,5,5,5,5,83,1b6aa6cf7d583be315bd
86469,4,2,2,1,1,1,6,6,2,5,1,4,2,2,2,1,113,7043383baf1b2f01e9e6
86477,2,1,2,1,3,1,3,6,5,1,2,1,2,2,3,3,163,72d6b8e6fd1f658859d5
86529,3,4,4,5,6,6,4,6,6,4,6,6,5,6,6,5,74,eba06ba34e3fc6bd26f6
86610,6,5,4,5,4,5,4,5,4,2,3,4,3,4,3,4,152,52abbe9d7fb51fa8bc14
86642,2,1,5,5,6,6,3,7,6,2,1,6,5,4,7,6,72,648e381d675f66cf0ec9
86708,2,1,4,2,3,3,3,3,3,2,3,2,2,5,4,2,100,5cc5c5253ca0dd43f6f1
86745,4,2,6,4,5,4,2,1,5,1,1,1,4,5,4,5,90,ed22f95390ee9da01665
86838,6,6,6,6,6,6,6,6,6,6,6,6,6,6,6,6,86,be0372abb9ed5e25665d
86848,2,2,4,2,2,2,5,3,5,3,3,3,2,6,4,2,86,9e61ea13eac9fd190175
86889,2,1,3,1,1,2,1,5,4,2,1,1,1,1,4,1,70,23dd7e5c60ebfb17da47
86898,4,4,5,6,6,5,4,7,6,2,6,5,5,5,6,6,200,be43f36321beab09e5da
86924,6,5,6,4,5,4,5,4,5,4,5,4,5,4,5,4,148,52abbe9d7fb51fa8bc14
87020,4,4,4,4,4,4,4,4,4,4,4,4,4,4,4,4,61,11255cfb04dc93f261db
87050,1,1,3,1,1,3,5,4,3,2,2,2,4,4,4,2,168,86c80587b8aa24cdecca
87052,2,1,5,2,3,3,5,5,5,4,4,3,4,6,4,3,109,16eacdb407bd48b6fde5
87073,1,2,2,1,4,4,5,6,6,3,3,2,4,5,3,2,98,4b900a756200d1033d3e
75149,4,4,3,3,3,3,2,4,4,4,4,4,4,6,3,3,71,09ae670f8131c3753a7b
87114,1,1,5,4,5,5,7,6,5,7,3,5,5,5,6,3,63,d585211854bbf5f33cb6
87178,4,2,5,5,5,5,6,7,6,6,7,1,2,5,3,3,247,20efa2e5517768ea0fc7
87189,4,3,4,2,2,2,5,4,7,6,4,6,7,4,4,6,129,ca616f9411862e6f2a25
87222,2,1,4,2,5,4,7,6,3,6,3,2,6,5,5,2,128,2c148e543bc44118f737
75258,2,4,3,2,3,3,4,5,4,4,3,4,3,3,4,4,134,f815a67fb86dd763caa3
75272,3,3,4,2,3,2,5,5,3,4,3,3,3,3,3,3,374,f815a67fb86dd763caa3
87316,2,1,4,3,5,3,2,5,4,3,3,2,3,5,6,3,108,716ad1f12315f883701e
87324,7,1,7,4,1,1,1,1,1,1,1,4,7,7,7,1,92,0c4bbad92ad7f6ba88ca
87337,5,6,5,3,3,4,2,4,3,4,4,4,2,2,6,4,101,4904d43df104013fd5a7
87373,2,1,5,1,2,3,3,4,3,2,2,1,1,5,4,1,62,139dd6a1299de944c451
87406,2,3,1,3,4,4,7,7,4,2,5,6,3,7,6,5,125,44060a63c314693a567e
87441,3,3,5,2,4,4,3,6,6,3,4,4,2,5,4,2,108,4df6e47adccc384c112a
87501,3,2,5,1,6,3,5,4,5,2,4,2,3,6,3,4,147,2d117bd0f7c0c8701ee7
87533,3,1,2,1,6,5,6,5,6,3,3,6,5,6,5,6,202,7b623a07ba7d9d41d9be
87538,5,3,5,2,4,3,6,5,5,6,2,2,2,2,1,3,90,69fba8bd50ada9ceb073
87571,6,6,2,1,3,6,5,6,7,7,7,7,6,5,5,6,72,9450bf06cb86644ff813
87579,5,1,1,1,2,3,5,5,5,1,1,1,5,7,7,4,63,500bb7ae23043ff53023
87626,3,6,5,3,5,3,3,4,5,5,3,3,5,5,4,3,116,a41fd856d55d047208ef
87663,3,2,2,5,3,5,7,6,5,2,2,1,5,6,3,3,95,b13ab03b5ac8741fba1f
87684,2,2,3,3,5,3,4,4,6,5,4,4,5,5,5,6,106,528b5972a14f8c5e87c9
75394,7,7,5,5,6,6,5,6,6,6,6,6,6,6,6,6,137,6c234c2dead813516ba9
87702,1,1,1,1,3,1,1,5,3,2,5,2,4,5,5,2,81,ae8bc3c04d0057d19449
87717,4,3,5,2,7,4,6,2,6,6,3,6,6,6,4,6,101,ca616f9411862e6f2a25
75609,5,2,5,3,4,3,4,5,5,6,3,5,3,6,5,5,167,aa10df71b77f6b514e4c
87785,1,1,1,1,1,1,7,1,1,1,1,1,1,1,1,1,92,298ce4427d2d30edb081
87802,3,2,5,3,5,3,5,5,5,2,3,3,3,5,4,5,83,7cacd69df806a06300df
87814,6,3,3,2,5,5,4,6,5,6,4,5,6,7,5,3,101,dac4d4dd724576a0939f
87816,5,3,6,1,5,3,4,7,6,5,4,5,5,3,6,4,138,848f40659a6be2a0f947
87838,7,7,7,7,7,7,7,7,7,7,7,7,7,7,7,7,332,44cfd7dcf17aa3c6b409
87886,3,2,3,2,5,3,4,4,4,4,3,5,3,5,5,6,140,241e735171557bd9eb38
87939,5,6,4,4,5,,6,4,5,5,4,5,3,5,3,6,34,241e735171557bd9eb38
88003,3,2,5,2,3,3,3,4,3,5,5,3,3,6,5,2,80,a63356ec6724a0b0d7cb
88027,3,2,2,2,4,2,2,5,4,1,2,2,3,2,2,3,91,512dea69767f70b6523e
88031,1,1,1,2,3,3,2,4,3,2,2,3,3,2,4,3,56,035fe0e129c3ec4d53de
88063,3,2,6,2,5,4,7,6,5,4,3,6,4,5,6,5,148,1a00bdab9fd9fb8b42e6
88157,3,2,6,2,4,3,2,5,4,2,5,1,3,6,5,5,87,14c601e4ad61e0872134
88156,5,3,5,5,5,5,5,5,5,5,3,5,3,3,3,3,137,8fc774c024482fb283be
88197,4,3,5,2,5,3,3,4,5,3,2,2,4,4,4,3,305,9fb3c0d8228d8ba2317e
88235,5,2,5,5,5,5,6,5,5,3,2,3,3,3,3,3,128,8fc774c024482fb283be
88248,5,2,5,3,6,4,5,7,7,5,4,6,3,4,4,4,86,07d844ec616dab51f7ab
88268,2,2,5,3,3,3,4,5,5,6,4,4,4,5,5,5,123,4354657f374dabad2b80
88274,5,3,5,5,5,5,5,5,5,5,5,3,3,3,3,3,66,8fc774c024482fb283be
75827,3,3,5,3,4,6,5,6,5,4,7,4,6,6,6,5,221,1aaea11b41e98781beac
88288,3,1,6,2,3,2,3,4,4,4,4,5,3,6,5,3,106,994b1668d6f2ec3795d8
88358,3,3,5,1,5,3,1,5,5,3,3,4,4,6,5,3,120,f76d39e1c0f3a3572219
88395,7,1,5,5,6,3,4,2,5,7,2,3,6,7,5,3,105,9f04ee1c8ce91dc68f58
88427,5,3,5,4,5,3,6,5,5,4,5,5,3,6,6,5,118,d19c5f455d39b8db3a21
88509,3,1,4,3,6,4,1,6,7,4,5,4,4,6,3,5,84,3ad127403ba4e318dafa
88508,2,1,1,1,3,4,4,5,4,6,3,2,2,6,7,4,89,1b5a1aa3488972769799
75908,6,3,5,4,7,5,7,6,7,2,4,5,5,7,6,6,89,234b66a5a7604b6f6d13
88529,2,1,3,4,5,3,3,4,4,5,6,5,5,7,6,5,115,0802c2b931c7eec8060e
88586,3,3,4,2,4,3,5,4,4,3,4,5,2,5,5,4,117,a1e4118bc7580b9557a1
88641,2,2,3,6,7,4,6,7,7,3,6,7,7,7,7,6,290,e353db01d775e854b0b4
88657,4,4,5,2,5,5,6,6,5,4,5,4,2,4,4,3,232,670046e7fdd5a9fc65e3
88702,1,1,5,5,5,6,1,5,6,1,2,2,5,7,6,5,95,344a7a7e0fe50adc0f1d
88718,5,1,5,1,1,2,4,5,3,5,3,3,2,2,2,4,75,b446d9719ff21a515385
88775,,,,,,,,,,,,,,,,,24,7edd3ce15e580eaac9c6
88798,3,2,6,4,5,5,3,6,5,5,4,5,4,4,5,6,104,16ad1b4d1ff06f3ee044
88817,3,1,5,2,5,3,6,5,5,3,2,2,3,7,5,4,145,8cd9d8ca6b0b0ea1afef
88930,3,3,5,2,5,4,4,7,5,1,4,3,3,2,6,5,126,50ea5851d22171be01e8
88991,6,3,5,2,2,5,3,6,5,4,3,6,5,5,5,3,82,78a3aec60afc25488413
89051,7,5,4,3,4,5,7,6,5,5,5,3,4,4,4,5,130,5fcba5d5a61a781d0f48
89080,7,1,6,1,3,2,4,3,2,7,7,1,5,2,4,2,104,476b6bebccf61ece7757
89101,5,1,4,1,3,4,7,6,3,4,6,1,4,3,7,4,80,f1250b4caa190e79ee32
89156,1,1,2,1,3,2,6,7,3,5,2,1,5,6,2,4,166,63fcb0f23da57f3304ad
89168,4,3,5,3,4,3,3,5,5,4,5,5,3,5,4,5,129,1f04f074f31d863508a3
89204,6,3,5,1,6,2,7,6,5,6,3,2,3,5,6,3,142,581bd217975908cd989c
76064,3,3,2,2,3,2,2,3,2,3,2,2,2,1,2,2,133,d0b66c2306c3bb6e5006
89259,6,1,,2,2,1,4,6,1,,,1,1,3,7,1,167,cfa0d50bc320b0b90a5e
89296,4,2,5,2,4,5,6,5,4,6,3,3,2,5,5,3,117,ed5e11be679ca889709a
76085,7,3,5,3,3,3,4,4,3,6,4,3,3,6,6,4,287,ea11538b2cac3118d30d
76111,5,3,2,1,4,3,4,3,5,6,5,5,3,4,5,4,149,7eb323ea031421a39de1
89358,4,4,4,4,4,4,4,4,4,4,4,4,4,4,4,4,35,5ade6f552d527f458458
89392,5,2,4,2,5,5,5,6,4,3,5,5,6,7,7,5,114,756ad25861bd3adfeb70
89397,5,4,4,1,1,3,6,7,5,1,4,5,5,5,4,2,140,277912969f9792ac1a7b
89427,2,2,2,2,3,4,3,4,2,1,1,4,5,7,6,2,120,b914a1ebc43b051ddb71
89465,5,3,5,1,3,3,7,6,4,1,3,5,4,6,6,1,107,277912969f9792ac1a7b
89490,4,2,5,2,3,2,4,5,5,3,3,5,4,6,6,5,127,b151959755837a20336f
89510,4,1,4,2,3,4,6,6,3,2,5,4,6,7,5,3,88,64414c38c8082ebdf8fc
89553,3,3,3,2,3,3,4,5,4,4,3,2,2,5,3,2,112,c91e8a8242e8579ddf0b
89602,2,3,,2,4,3,5,5,4,5,3,3,2,3,4,2,106,e6e97dd5e1e86a4a2e53
89642,6,3,7,4,6,4,6,6,5,4,3,6,5,6,6,5,217,635a4f6658e98eecdb0b
89655,3,2,6,5,6,3,3,5,5,3,5,4,4,6,6,4,82,6b286cf49485238cee46
89680,3,2,5,2,6,5,6,5,6,5,6,3,4,6,6,5,212,1a00bdab9fd9fb8b42e6
89716,5,1,3,3,4,3,4,4,5,7,3,4,,,6,4,243,cadc2333565e7ee3b14e
89731,3,2,3,1,4,1,7,5,5,6,5,4,2,2,6,4,147,5b47c5a9851e4094c684
89730,3,2,4,2,3,3,6,5,3,3,1,4,4,5,4,3,221,4b620ad01eeada9c32e7
89760,6,3,5,2,3,2,2,4,3,4,2,4,3,6,6,3,180,a4327bf2f6d6a0d67310
89790,4,3,6,6,7,4,5,6,7,2,5,6,7,7,6,6,79,74aafe3bb5300694f76b
89821,4,3,5,1,1,1,4,4,1,5,5,1,4,4,1,1,184,6e3830a8f2890bc5dd31
89835,4,2,5,3,3,4,1,5,5,5,3,3,5,6,3,4,170,78d2397b6cb45550d5c0
89943,4,4,4,4,4,4,4,4,4,4,4,4,4,4,4,4,42,19fddb79bcc2f58c3391
90032,1,1,5,1,1,3,4,5,2,2,2,2,1,2,4,3,168,ce22cd618788aafbad0d
90091,1,1,1,1,3,1,3,6,4,2,1,1,1,2,2,4,92,d7edaaa90ccbad8f8322
90118,2,2,6,3,7,7,7,6,5,3,5,5,4,5,4,4,109,45f50d9fd172ebd3dcc9
90119,5,3,3,6,7,6,1,6,6,7,3,3,5,2,5,3,350,5111656087213a604dc6
90179,3,3,4,2,5,3,3,5,5,6,4,3,2,5,6,4,176,118401ee335f7e206162
90199,4,2,7,1,5,3,4,4,3,4,3,4,1,4,3,3,99,d38d0e1ddc22c137a59e
90203,3,3,2,5,4,4,3,4,5,2,3,2,2,6,6,2,132,00c58daba7afceb197a2
90226,4,2,4,3,5,3,5,5,5,4,5,5,4,5,6,5,170,10721429635bf593e7fa
90255,6,2,7,5,6,6,7,7,7,7,7,7,7,7,7,7,345,a2693d54ad0cdf1881f2
90288,5,4,5,5,5,5,4,6,5,5,6,5,4,5,5,6,725,a2693d54ad0cdf1881f2
90316,6,4,3,1,6,5,5,6,6,5,4,5,6,6,5,7,74,a67cae09235149975dac
90327,3,3,5,2,3,3,3,3,2,3,2,3,2,3,3,4,67,626248d084fc85679715
90331,2,3,3,4,2,5,7,7,5,6,7,3,3,4,3,3,96,19fddb79bcc2f58c3391
90384,4,4,4,4,4,4,4,4,4,4,4,4,4,4,4,4,37,3223005d463c66742ea5
90389,4,4,3,1,4,1,7,5,5,4,4,4,4,4,4,4,114,6e108fac9babbe245751
90394,3,2,4,4,6,4,,6,6,6,4,5,5,4,2,5,94,184c31f2c01099605998
90477,3,3,3,3,5,3,4,5,5,4,3,4,4,6,6,5,112,d609059c673e46780b2b
90491,5,3,6,2,4,3,6,6,5,3,5,5,5,4,5,6,113,5bfe57594aa4aa172c11
76406,5,2,6,4,5,2,6,5,5,5,4,5,5,7,7,5,269,bf3539d1e78455f6a8f5
90529,4,2,5,2,5,3,1,7,5,6,6,3,6,6,2,4,244,fec1c542a1d493ef7f85
90552,1,1,7,3,3,5,7,6,4,4,2,4,3,4,6,4,167,947a01b1118b97cf12aa
90612,2,1,2,3,2,3,4,3,4,3,2,3,2,3,4,5,37,947a01b1118b97cf12aa
90618,6,5,6,5,7,3,6,7,7,3,6,6,6,7,7,6,118,f1c9085875f0f5664298
90628,2,1,2,2,2,2,2,6,2,5,1,2,2,6,6,5,99,323f6718fcb81ccf24b9
90646,5,2,4,4,4,4,2,4,4,2,2,4,4,4,4,4,64,41cb5d1f1050eba8deb3
90722,6,3,6,5,5,6,7,5,5,5,5,5,5,5,5,5,37,00ba5d2980e0f895721a
90756,1,2,3,4,5,6,6,5,4,3,2,1,2,3,4,5,42,947a01b1118b97cf12aa
90746,3,2,5,2,3,4,5,6,4,6,4,3,3,5,6,4,351,7be60bc9e5d8249ab8ff
90767,3,4,5,4,3,4,5,4,3,4,5,6,7,6,5,4,33,947a01b1118b97cf12aa
90781,3,4,5,4,3,4,3,4,3,4,5,6,6,5,4,3,34,947a01b1118b97cf12aa
90790,3,4,3,4,3,4,3,5,6,4,,5,3,2,3,4,197,947a01b1118b97cf12aa
90810,2,3,2,3,4,5,4,4,4,5,4,5,4,4,4,5,36,947a01b1118b97cf12aa
90830,5,1,7,4,5,3,7,7,7,7,1,2,3,7,7,6,226,9dc189594857cc0839da
90870,4,4,5,2,5,3,3,5,4,2,5,5,4,5,4,4,155,524e61c893f67fe645b7
90913,6,3,5,4,6,4,3,6,6,4,7,7,4,7,3,7,182,7d8c3ae8405f09ddfad2
90959,1,1,1,3,4,5,1,5,5,1,6,5,3,7,5,4,166,ba9aff03829d9f6b4478
76592,3,3,3,2,7,1,2,7,7,2,3,3,4,7,6,6,179,6802b179c34e31ca8e0b
90974,2,2,3,1,3,2,3,4,3,3,3,3,2,5,4,2,797,33a88d9d5287e88687f9
91042,4,4,4,4,3,4,4,3,4,4,5,4,4,3,4,4,36,bec4ea7971f27be99012
91071,5,4,4,6,5,4,4,6,4,4,5,4,3,5,3,4,38,bec4ea7971f27be99012
91080,3,4,5,4,5,5,4,5,4,4,5,4,4,4,5,4,20,bec4ea7971f27be99012
91100,4,3,4,5,4,4,4,5,4,4,5,5,4,4,5,5,16,bec4ea7971f27be99012
91127,3,3,5,3,5,4,2,5,4,2,4,3,4,3,3,5,79,eb420a1fefc5e5062580
91155,3,2,2,3,5,3,4,5,5,4,3,4,4,5,5,5,62,314d34aa6d2f3a8e5452
91202,6,2,4,2,5,5,3,5,4,2,4,4,5,5,5,2,206,4927794c1f3af1a5aad1
91213,2,1,1,1,2,1,6,4,4,3,2,1,2,6,3,1,92,6f7159d190f57dd8363f
91274,2,1,2,1,4,3,2,4,4,2,1,1,3,2,5,4,105,782e731d1ba35ba37a3d
91300,3,2,4,2,4,3,3,5,5,4,4,4,3,5,5,4,63,127e3bf6e09c42051d56
76693,4,3,3,2,5,5,5,6,5,3,3,4,4,5,5,4,2237,3223005d463c66742ea5
91391,6,4,5,5,6,6,5,7,6,6,6,6,5,5,5,6,120,9b380d9e0e2392df5e8a
91466,4,3,5,4,5,4,7,6,5,4,3,5,5,4,4,4,79,82bdb871d46dd8d2b01e
76766,2,1,3,3,4,2,5,5,4,5,3,4,4,4,4,3,119,4f61e24143a464b0c45d
91490,4,2,4,1,3,2,5,4,3,4,3,1,2,5,5,3,120,c5c848e9f9f2bfbf54a7
91557,2,2,2,2,3,3,2,4,3,4,4,3,2,5,3,2,58,fab99426f97f56d1de32
76639,4,3,4,3,6,3,3,5,5,3,5,4,4,5,5,5,50657,f6e1d4193a982047d73d
91619,3,2,3,1,1,2,3,5,4,2,2,3,3,3,3,3,65,bfe02df001c5fe0980c3
77049,4,3,5,5,5,3,4,3,5,3,4,4,4,7,6,5,202,0d28d56f61c73c16adcd
91655,1,1,1,1,1,1,1,4,1,1,1,1,1,4,1,1,106,a892207d901ccfbdf789
91684,1,1,2,1,2,2,4,3,1,1,2,1,3,5,4,2,90,727c4e75212e48b8581d
91729,2,1,6,2,6,5,6,5,6,2,2,5,6,7,7,6,157,addec27ed6e5e14ee0c0
91848,3,2,3,1,5,2,5,4,5,2,2,4,2,5,2,3,71,08f2a925eec924f82ce1
91913,4,3,5,2,3,5,5,4,3,4,2,4,4,3,4,4,50,a00af6f75c397d8a98c0
91917,2,3,4,5,6,5,4,3,2,1,2,3,4,5,6,5,24,a00af6f75c397d8a98c0
91953,5,2,6,2,3,3,7,6,5,2,5,4,2,6,6,2,201,c2d9104a490c727f1793
91963,1,2,3,4,5,6,7,6,5,4,3,2,1,2,3,4,22,c2d9104a490c727f1793
91975,4,1,2,1,1,1,1,7,7,4,6,3,5,5,4,3,112,a922542e2c25bd5c7dea
77227,7,5,7,5,6,6,7,6,7,7,6,6,7,6,7,6,21254,9f1d30bab7b34996372b
77421,4,4,5,4,5,5,5,5,4,5,4,4,5,4,5,5,57,7b372b86c39f3270514a
77471,5,5,5,5,5,5,5,5,5,5,5,5,5,5,5,5,42,9a986552fba9efccab08
92017,3,5,7,2,5,5,7,7,5,3,5,7,7,6,2,4,99,e937c674e7d7b9536669
92039,4,4,4,4,4,4,4,4,4,4,4,4,4,4,4,4,986,7166469b4aba144e4c82
92107,6,1,5,2,5,2,4,7,5,6,2,4,5,4,5,5,128,d9d638a03338d439e3cc
92178,5,1,1,1,4,1,2,6,3,4,3,3,2,4,3,3,111,73e1c3d6b0674107bd19
92247,5,4,6,3,5,5,6,6,5,4,5,5,6,6,6,4,110,507407051a111cc19a0e
77660,5,2,6,4,6,6,5,6,6,6,6,6,6,7,7,6,82,aa3b0013d4a833374eb0
92330,2,2,3,2,5,3,5,5,5,3,3,5,3,4,5,3,60,214429523d83e5936422
77970,2,2,2,2,2,6,1,4,3,5,6,2,5,5,3,3,169,73ba24a6f036ec52b949
92354,5,4,2,2,3,2,3,7,4,1,6,5,3,7,7,5,100,60d29b2b4dc41c69e729
92362,2,2,2,5,4,2,4,2,5,3,5,,2,2,5,2,65,5b0dbff043143e451ef4
78383,5,5,6,5,5,5,2,6,6,2,6,5,3,5,6,6,398,09b2eb5a2b814ed9aa82
78763,4,2,2,5,2,2,5,4,5,6,6,6,2,6,5,5,135,a0bb435060aff4c0c3f6
79216,2,2,5,5,6,5,5,5,7,4,4,2,5,5,6,5,148,5fcd935bc6d3fb75ee41
80402,5,3,1,1,1,1,3,5,3,6,4,3,2,5,5,4,156,f9180d9208a3ee1c8798
80408,3,2,2,1,3,3,3,4,2,6,3,3,2,2,3,3,80,dff2e4843bbf7e0c73f4
92478,2,2,4,4,4,3,3,4,4,4,3,4,4,4,4,4,101,7ee0c5bae99707b6b52a
80538,4,4,4,1,6,3,7,6,5,7,3,4,3,5,6,5,205,51d2fa7d46020369f800
92512,1,1,5,1,5,1,7,7,5,7,3,5,5,3,2,5,131,9a13896bf75da954a736
92523,2,2,3,1,5,1,1,3,5,5,1,1,1,2,3,2,128,30fc4406d5f36689437f
92533,2,2,3,2,3,3,5,5,4,1,3,3,5,5,5,4,123,293c1553c40d0e67b0d6
82136,5,2,6,2,,2,7,6,5,2,5,6,5,6,6,6,89,72595aa78ecba1aa9485
82149,2,2,3,1,2,2,3,4,2,3,4,2,1,1,3,1,947,15734747e3b7c1bb1886
82519,4,2,2,2,5,5,3,6,6,4,4,5,6,6,5,6,151,e5d40442b0c26dcd0bb2
82654,3,5,3,4,5,2,6,4,4,2,4,5,3,6,3,4,199,4cc7849170002fa2511e
92618,2,2,6,2,7,2,1,7,5,2,2,5,7,,7,6,164,0553573dddca5090145a
83626,4,3,5,1,5,3,3,5,5,6,6,5,3,3,5,4,167,638d4a9a6933dad10de6
84013,4,4,4,4,4,4,4,4,4,4,4,4,4,4,4,4,40,dfc8310106a9864abf68
84164,7,1,2,1,5,3,6,7,5,6,5,3,2,5,7,3,125,b1d93724af23f094fa8c
92912,5,1,3,3,5,2,4,6,6,7,3,3,7,6,7,6,142,83dc7c49011ac83eec20
92918,7,7,7,7,7,7,7,7,7,7,7,7,7,7,7,7,55,aa89f42705a5440cf7cc
84403,3,3,4,3,5,3,2,2,5,6,3,3,4,5,5,5,124,614f21195f8f7bbb7df8
92927,3,3,3,3,3,3,3,3,3,3,3,3,3,3,3,3,28,aa89f42705a5440cf7cc
85038,7,4,6,3,5,3,7,7,7,4,7,7,5,7,7,7,211,580b5638d6389cf0052d
92969,3,2,4,3,4,2,5,4,3,4,4,4,4,5,3,3,150,6263e7ee01bb9fb59677
92979,2,2,3,1,2,2,2,4,3,4,2,2,4,5,4,4,72,d8885e2eecbbfe966144
93013,4,2,3,2,3,4,2,4,3,1,2,3,2,4,5,2,73,dc9b9030ebc27bb5ca79
93106,2,1,2,1,2,2,3,3,2,4,2,2,2,5,4,2,85,f51ad2cba34e61f0a272
86820,1,3,2,5,3,1,2,2,3,5,4,5,4,5,2,2,410,19da3e4416ba4fcaf2dc
87141,5,5,4,4,4,4,4,4,4,4,4,4,4,4,4,4,32,c23bda1f08c7f66815c3
93281,1,1,4,3,6,3,5,5,6,1,1,5,2,2,3,5,96,637cb26f04c707efa5a3
93323,2,2,3,2,4,4,3,3,3,3,3,2,3,4,4,3,117,5393cbd22650f613b453
88147,5,4,4,4,5,4,5,6,7,5,4,6,5,7,7,6,145,0bff0b5febf470a965ef
88368,4,4,4,4,4,4,4,4,4,4,4,4,4,4,4,4,53,994b1668d6f2ec3795d8
93423,5,2,5,2,5,2,4,5,4,4,4,1,3,5,4,4,134,6afa98af9dca45841275
88791,4,1,5,3,4,2,2,5,4,5,6,2,4,6,6,2,116,36f3b1d8a22f13294dae
93441,6,3,4,2,2,5,5,4,4,5,5,4,3,5,4,2,156,47f0e89f7b8964fb908e
93471,2,1,5,2,4,2,5,5,2,6,5,3,4,5,3,3,118,0f4de151c85460d74a1f
89059,4,3,3,2,5,2,3,5,5,2,2,3,5,5,4,5,174,22932116113321c78b64
93499,3,3,4,4,5,2,3,6,5,1,5,3,5,3,4,4,126,27f6e77bacabbcb885af
89318,5,4,3,4,5,3,5,5,5,4,5,5,5,7,6,5,319,98f3ddd73b21b3fe312a
93552,1,1,4,1,6,2,7,6,5,3,1,2,1,5,5,1,116,6de4d88f2d3c9b5ed94e
89408,6,2,5,1,2,2,3,5,3,4,2,4,3,4,5,3,146,083ac9c210bb5d50dcca
93570,5,3,4,4,5,4,4,6,5,1,2,4,5,5,4,5,100,8a3b2ae8eae19044b353
93591,5,2,2,1,6,5,2,3,6,2,3,1,6,3,3,5,129,19c99565121b38dbc901
89668,4,2,3,2,6,4,5,5,6,4,5,3,5,5,6,5,188,1a00bdab9fd9fb8b42e6
93611,4,4,4,4,4,4,4,4,4,,4,4,4,4,4,4,38,0877002cbbfb145c1032
93629,7,1,4,2,6,2,7,5,5,4,2,4,3,4,5,7,168,c3a8a367b935111cddb7
93739,4,3,3,2,3,3,5,5,3,3,3,4,3,3,5,4,84,65fb838926622601bf1e
90456,3,1,5,1,5,1,7,7,7,6,5,7,7,4,7,5,154,0ebbefb823eecda5dc5b
93766,3,3,6,1,3,2,5,6,5,4,4,3,2,4,5,4,146,9492917bed7f2b954d11
90884,7,2,4,6,6,6,2,6,7,4,6,6,6,6,6,6,121,604e14cf358ed59dc795
91032,3,1,2,1,5,1,1,6,5,2,2,2,4,3,6,5,124,9fb5be017849899aabfb
93884,2,2,5,3,3,6,6,5,5,3,4,5,3,7,6,4,92,e93f463dffdb006d0265
91364,3,4,3,3,3,4,3,4,4,4,4,3,4,4,4,4,55,50610a399599e9972aa2
91594,5,2,5,3,5,3,6,5,5,4,3,1,2,5,5,2,256,8294cc55866f04635d7c
93967,2,2,4,1,2,2,6,4,4,5,3,3,5,5,5,2,114,6ec79a60db41d630b33b
93994,4,2,3,1,3,6,4,7,5,1,3,2,2,5,4,3,83,4e8b18a29a0b4019a2a8
92305,6,2,5,1,3,3,1,5,2,5,4,2,3,5,6,2,128,0eceea6b80ddbf9682ac
92375,4,4,5,2,6,3,5,4,6,6,5,4,4,3,5,6,245,0560b1b506232b55d691
92408,4,2,3,1,6,2,7,4,4,7,3,6,6,7,7,5,207,7b5a41b5f01a927b8fe3
94062,3,1,4,1,3,1,1,4,2,4,4,4,1,1,6,4,147,7354b032bf135914f9b9
94090,3,2,3,1,5,3,7,6,4,6,6,2,3,5,5,3,103,334c6fbe9bdeedd14db2
94121,3,2,7,4,7,5,7,7,7,7,4,5,7,7,7,6,459,c348e1d1d40809cdaa5e
92670,2,2,5,1,2,2,6,4,2,2,3,2,1,2,3,2,90,bb2b2f2ace786caecdfc
92747,3,2,4,1,3,2,5,3,4,5,6,3,3,5,4,3,140,5c5e7decc1447b2a1b9a
94184,2,1,4,4,5,4,3,5,5,4,4,5,3,6,6,4,122,f7ae14edae0eae7d80fc
94222,4,4,5,3,6,2,6,6,5,6,4,4,5,5,5,3,117,70a381e8775f1174f2bf
94245,5,2,4,2,2,3,7,3,4,4,4,3,4,4,5,3,95,236641095927fff4e5ba
94306,7,3,6,2,7,5,7,7,5,4,5,6,6,7,5,5,227,0dd02463e255879f6f3e
94381,3,2,4,2,5,3,4,6,5,4,3,3,4,6,5,3,129,b3f80b234d05256cc79d
94385,2,1,2,2,3,3,2,5,3,2,4,2,3,6,6,2,98,6ba5155f30cac334d777
94447,5,3,6,2,2,2,3,5,5,5,5,5,3,7,6,1,76,4be2a253b06f5e323bb3
94488,2,2,4,5,5,3,5,4,4,2,3,3,3,5,6,3,90,64167ceab257b906cb57
94515,7,2,6,4,6,6,5,7,7,3,6,6,5,1,5,6,170,ec0ff8554c37cfe8fa29
94577,4,3,3,3,4,4,5,3,5,6,4,5,4,5,5,4,62,7945843d19dedb9aedef
94612,6,3,4,3,5,3,2,6,3,5,5,3,5,4,6,3,137,be15b2200bdeabe70c50
94706,,,,,,,,,,,,,,,,,30,e78ff7517a7907562e02
94723,5,2,3,2,5,5,1,6,5,2,4,3,4,5,5,5,119,c95ed68479f1c0df2ec1
94774,3,2,4,3,5,4,4,5,5,3,3,4,4,5,5,4,129,64b1ded6d17d24a505fd
94807,5,2,5,4,6,5,5,5,6,4,5,5,6,5,6,3,108,e6401a81bad0e95a4fb2
94817,,,,,,,,,,,,,,,,,21,9f998921f94dfc3549d9
94827,5,1,5,1,2,2,5,2,3,4,5,2,1,1,6,3,226,f028816dac8a6a4ab8c6
94983,1,1,4,1,1,1,4,5,4,5,3,1,2,4,3,1,87,0f5b5e92081699e28765
95125,1,2,1,3,2,4,4,5,2,1,2,2,4,4,2,1,219,62833c50b09feeb7daa8
95173,5,5,5,4,5,5,5,5,6,2,5,4,3,3,5,5,127,4093bca287d03e18571c
94563,5,2,4,3,5,6,4,5,4,2,2,4,3,3,4,4,164,dc52234fce75557fd294
