testId,1,2,3,4,5,6,7,8,9,10,11,12,13,14,15,16,17,18,19,20,21,22,23,24,25,26,27,28,29,30,31,32,33,34,35,36,37,38,39,40,41,42,43,44,timeSpent,uid,ineligible
19680,5,4,4,4,3,2,4,4,4,4,4,3,5,4,3,4,4,2,5,4,1,4,3,2,3,4,4,4,5,5,4,5,2,3,3,5,1,3,2,4,2,5,5,3,1098,67b3a683be56bd452e86,0
19684,5,4,4,4,3,2,4,3,4,4,4,2,5,4,3,4,4,2,4,3,2,4,3,2,3,4,3,4,4,5,4,4,2,4,3,5,1,4,3,4,2,5,5,3,240,67b3a683be56bd452e86,1
19727,,,,,,,,,,,,,,,,,,,,,,,,,,,,,,,,,,,,,,,,,,,,,14,4541c382bbf1436065d8,1
19728,,,,,,,,,,,,,,,,,,,,,,,,,,,,,,,,,,,,,,,,,,,,,9,4541c382bbf1436065d8,1
19730,,,,,,,,,,,,,,,,,,,,,,,,,,,,,,,,,,,,,,,,,,,,,18,4541c382bbf1436065d8,1
19828,1,1,1,1,1,1,1,1,1,1,1,1,1,1,1,1,1,1,1,1,1,1,1,1,1,1,1,1,1,1,1,1,1,1,1,1,1,1,1,1,1,1,1,1,99,3ddfa7463b8feebb4a19,1
19966,4,3,4,4,4,2,4,4,3,4,4,4,4,4,4,4,3,2,5,4,2,4,3,3,4,4,2,4,4,4,4,4,4,3,3,4,4,4,2,4,5,5,4,4,153,628c4fce7366f258ebaf,0
19984,2,4,3,4,4,5,4,4,4,4,2,3,5,3,4,3,4,3,3,4,5,2,5,3,4,4,4,3,4,4,5,4,4,4,3,2,5,5,3,4,1,3,4,4,215,1df0313c5e68ad425d00,0
20078,3,4,5,1,3,4,5,1,5,5,3,4,5,2,4,3,2,2,2,2,4,4,4,5,3,3,4,5,4,3,4,3,4,4,4,2,3,3,2,3,3,3,2,3,115,6be65536871d23445931,0
20143,2,2,5,2,2,5,4,4,2,2,3,1,5,4,2,3,3,1,5,2,4,5,1,4,2,4,4,5,1,5,4,4,5,4,4,4,2,5,4,3,4,4,2,4,385,2ba0751bdd8a786b8793,0
20161,5,4,5,1,,1,5,1,2,5,5,1,5,4,4,5,5,4,5,5,1,4,1,2,3,5,1,5,3,5,1,5,5,2,5,5,1,5,5,4,1,5,3,5,270,c3a1579dd72174a05f4e,1
20170,5,3,4,3,4,4,4,4,5,5,5,2,4,3,4,5,5,4,5,5,1,5,4,5,4,5,4,5,4,5,3,5,3,5,4,5,1,4,4,5,5,5,5,5,206,940f1837615b69a2dc99,0
20177,4,5,4,5,4,4,4,3,4,5,3,3,5,4,4,3,3,2,4,5,4,4,3,2,4,3,4,4,4,4,4,3,4,4,2,3,4,4,4,4,2,3,3,4,111,9cb05d28cf6c1c1ccbcb,0
20178,4,5,4,5,4,4,4,3,3,5,4,4,5,4,4,3,3,2,4,4,4,4,3,2,4,3,4,5,4,4,4,3,4,4,2,3,4,5,4,4,2,3,3,4,93,9cb05d28cf6c1c1ccbcb,1
20208,5,4,4,2,3,3,4,3,3,4,5,4,5,4,4,5,3,2,4,3,3,4,4,3,3,5,3,4,5,3,4,4,5,3,4,5,4,4,4,3,4,4,4,2,174,6ceb6a8d4162285e4aaf,0
19793,4,4,4,3,4,4,5,4,3,5,3,1,5,4,3,2,4,3,3,5,4,4,3,4,4,4,2,3,3,5,4,4,4,4,2,3,4,4,2,5,5,5,4,3,429,536ebd4191381e754309,0
20566,5,5,5,3,5,1,5,5,5,5,1,1,1,5,5,3,5,5,1,5,1,5,5,5,5,5,5,1,5,5,1,5,5,5,1,5,1,5,1,5,1,5,5,5,211,b93178ee2b10cb8305cd,0
20568,1,2,3,4,2,5,4,2,3,4,3,1,4,1,2,1,5,2,1,4,5,4,5,5,2,1,4,2,1,3,5,5,4,4,5,1,1,3,4,4,3,1,5,3,255,4fc491d744b20536ad18,0
20585,1,4,2,5,1,5,4,5,4,5,1,1,4,3,5,1,4,5,4,2,5,4,5,4,2,1,3,1,2,2,5,4,2,3,4,1,2,1,4,5,2,1,3,4,234,acdae56500ce54785303,0
20592,4,4,4,3,4,4,4,4,3,4,2,2,4,4,4,4,4,4,4,4,3,4,3,3,4,2,2,4,4,4,4,4,4,2,2,3,2,4,4,4,1,4,4,3,182,fb7a53b74ae47c481511,0
20596,2,4,4,4,4,5,3,2,1,4,2,1,4,4,3,3,4,2,4,3,5,4,2,2,4,2,2,2,4,5,4,4,4,2,4,2,2,3,4,4,1,4,4,4,157,4f16084ba3dc557c35a6,0
20602,3,2,4,1,3,4,5,1,5,4,3,1,5,2,2,3,5,3,1,3,2,4,3,5,3,4,4,,2,3,2,5,5,5,5,4,1,4,2,4,4,5,4,2,483,0c07c4f391ae9a77fc34,1
20606,5,5,3,1,2,5,4,2,5,5,2,1,5,5,3,4,5,5,5,5,5,5,2,1,1,4,1,1,5,1,5,5,4,5,5,3,3,5,5,5,1,5,5,1,296,d32bc79cd0e68d785c13,0
20617,2,3,4,4,4,4,5,2,3,5,2,1,5,4,4,4,4,2,5,5,5,2,2,4,4,2,3,4,4,4,5,4,4,4,2,2,2,3,4,4,2,4,2,3,120,be1baf43b1793cccb081,0
20624,2,5,4,5,3,4,5,2,1,5,2,2,5,5,5,1,2,2,5,5,4,3,2,1,4,4,4,4,5,2,4,5,5,4,3,1,4,5,4,5,2,2,1,5,107,26934d5a1f8606d7804b,0
20628,1,3,2,5,4,5,4,4,1,5,2,1,2,5,4,2,4,5,5,4,5,2,4,1,3,1,3,3,4,5,5,4,2,1,3,2,2,3,5,4,1,3,4,5,171,10f27af077d9cfa2c15b,0
20639,4,4,4,4,4,3,4,4,1,4,3,4,3,5,4,3,4,3,4,4,3,3,4,1,4,4,4,3,5,5,1,4,4,1,4,3,4,3,3,3,1,3,5,5,192,f572107a8ebd0d0408c1,0
20646,4,4,5,1,4,3,2,5,4,5,5,3,4,5,3,4,4,4,2,5,2,2,2,3,4,5,4,5,4,4,5,2,4,4,2,4,5,4,2,5,4,4,5,2,149,05c2ed94bcc898bbeeea,0
20653,1,3,5,5,5,5,5,2,2,5,3,1,5,4,3,2,3,2,5,5,5,5,2,3,4,1,2,5,4,4,5,5,5,3,2,1,1,4,5,5,1,5,2,5,127,1ddd61836436504abdbc,0
20162,5,4,5,1,5,1,5,1,2,5,5,1,5,2,4,5,5,4,4,5,1,4,1,2,3,5,1,5,1,,1,5,5,2,5,5,1,5,5,4,1,5,3,5,380,2dc16cf3eeeae9094c0d,1
20705,2,3,2,2,2,4,3,5,4,2,1,3,2,2,2,1,1,4,2,4,5,4,4,4,1,1,5,3,2,4,5,3,4,4,4,2,4,3,3,2,2,4,5,4,212,4cb4181ce66a7077666b,0
20811,2,2,4,2,3,4,4,3,2,4,4,1,4,4,3,4,4,3,4,4,4,4,3,2,4,2,4,4,4,4,4,5,4,3,3,3,2,4,5,4,2,4,2,4,813,78560b0c9ab681a5263c,0
20226,5,4,5,2,5,3,4,4,1,5,4,2,5,5,5,4,4,1,5,5,2,2,1,2,4,4,4,5,4,5,4,4,5,5,2,4,2,4,4,4,2,2,4,5,5730,ebce41536315e35c9c57,0
20567,3,3,3,1,3,4,4,4,3,5,4,2,5,4,3,3,5,5,4,4,3,4,4,3,3,3,2,2,2,4,5,4,3,2,5,3,5,3,4,5,2,3,5,4,334,afaddba4f9e6b3aac12a,0
20576,3,5,4,4,3,2,2,2,2,5,2,1,4,4,2,2,1,2,4,5,3,4,2,2,2,2,4,4,4,4,4,4,2,4,4,3,2,4,4,4,2,5,3,4,195,41c64f37f7707ff461c0,0
20595,3,4,4,4,5,4,4,3,2,3,2,4,5,5,4,4,2,3,4,5,3,4,2,1,4,5,2,3,4,4,1,2,3,2,3,3,4,2,3,3,3,1,3,5,137,507cd0fa4cd0be5d64b8,0
20599,2,4,4,4,4,5,4,2,1,5,1,1,5,5,5,1,5,1,5,5,5,1,5,4,5,2,4,4,4,5,4,4,5,4,2,2,2,4,4,5,1,2,5,2,655,f42d5489d3f7696835ad,0
20614,5,5,5,4,4,2,2,3,1,5,4,2,4,5,3,3,2,1,5,4,2,4,3,2,3,3,2,2,5,4,3,1,3,1,4,4,3,5,5,5,1,3,4,4,2084,176022ce9c2f21fb6c04,0
20623,4,4,4,2,3,2,4,2,4,4,2,4,5,2,3,2,4,4,2,4,2,4,2,5,2,4,1,4,1,3,2,4,4,4,2,4,1,5,1,3,2,2,2,4,192,26934d5a1f8606d7804b,1
20645,2,1,5,4,5,5,4,4,5,5,2,1,5,2,4,1,5,5,2,5,5,5,5,5,4,1,4,2,2,4,5,5,5,5,5,1,1,2,5,4,2,4,5,4,106,aa7159a1dc4dba119923,0
21015,1,4,5,4,2,5,4,1,1,5,3,1,5,5,4,3,1,1,5,4,5,3,1,4,2,1,1,4,4,2,5,4,5,2,5,3,1,4,5,4,4,3,1,3,849,2c6bbd9eace26648a1ac,0
20665,1,5,3,3,3,4,3,3,2,5,2,1,3,4,5,2,2,4,4,5,5,2,2,3,2,3,4,3,4,5,4,4,3,3,3,2,2,3,4,5,2,4,3,4,632,f87ee44d0d793218ce38,0
20682,5,4,4,2,4,1,4,4,1,5,3,2,5,4,5,4,4,1,5,2,2,4,1,3,4,5,1,5,4,3,2,5,5,4,3,3,4,5,5,5,2,5,3,4,143,7f815dcaf3e6851d8fd7,0
20704,3,4,3,5,4,4,4,4,4,4,1,3,2,4,4,1,4,4,4,4,4,2,4,3,4,4,5,3,5,5,4,4,4,5,1,3,4,2,4,5,2,4,4,5,360,8a82b6914f3e1442f9cf,0
20708,1,4,4,3,4,4,4,4,2,5,2,2,2,4,5,1,4,1,4,5,4,1,4,4,4,4,5,4,2,1,4,3,2,4,3,1,4,4,3,5,4,2,1,4,367,880fcf2816939710d1fc,0
20721,5,4,2,2,4,1,4,5,2,5,4,5,3,4,3,5,5,5,2,5,1,5,4,4,4,5,2,2,4,5,1,4,2,2,1,5,4,1,2,4,1,5,5,4,176,8a770bc32de8b146d1f6,0
20736,2,2,4,5,2,4,2,3,3,5,2,2,5,3,3,2,1,2,4,2,4,1,1,2,3,4,4,5,4,4,4,2,5,3,3,2,2,5,2,3,2,2,2,4,201,57ddd444e78d040a56d5,0
21085,5,5,3,1,3,2,3,4,3,3,3,2,4,4,4,4,4,3,2,4,4,2,4,3,2,4,4,4,2,2,4,5,4,2,4,3,3,4,2,3,4,5,3,1,1809,b145fc18641e68329852,0
21086,5,5,4,1,2,2,3,3,3,4,4,1,4,4,4,4,4,2,2,3,3,3,3,3,2,4,4,4,2,2,3,5,4,3,4,3,2,4,4,2,4,5,4,1,3998,b145fc18641e68329852,1
21092,5,5,4,1,2,2,3,3,3,4,4,1,4,4,4,4,3,4,4,1,4,4,4,4,2,4,4,4,3,2,4,5,4,3,4,3,3,4,4,4,4,5,3,1,372,b145fc18641e68329852,1
20826,4,4,5,4,5,4,4,2,4,5,4,1,5,4,5,4,4,2,4,5,4,4,1,4,5,5,4,5,5,5,1,4,4,5,1,4,1,5,2,5,1,5,4,5,493,4f12822ce7a20a816fde,0
20829,4,1,5,4,5,5,5,3,5,5,5,1,5,4,5,5,5,4,5,5,5,5,4,2,5,5,1,5,3,5,4,5,5,5,1,1,1,3,5,5,3,5,4,5,708,2d98febd8fe6b6c46663,0
20832,4,1,5,1,3,4,5,1,3,5,4,1,5,4,4,4,5,3,3,4,3,4,1,5,4,4,1,5,1,4,4,5,4,4,2,4,1,5,2,5,2,5,3,2,615,b6cc224660ea4224d86b,0
21328,5,2,5,1,4,4,5,2,4,5,4,2,5,4,5,3,5,1,5,4,3,3,2,4,5,5,2,4,4,4,3,5,5,3,2,4,3,3,4,5,2,5,4,4,195,ff3987bb0a05462a9e0c,0
21345,2,2,2,2,2,2,2,4,5,4,4,2,2,4,4,2,3,4,2,2,2,4,4,5,3,4,4,4,5,4,4,4,5,5,2,4,4,4,3,5,2,4,5,2,261,526ce037d0be0da78cfa,0
20851,4,4,5,4,4,4,3,2,2,4,2,1,5,4,3,3,4,2,4,3,5,3,3,2,3,4,4,5,4,5,3,4,5,3,3,3,4,5,4,3,1,4,2,4,334,0ec967f84ffbfd00e753,0
21351,,,,,,,,,,,,,,,,,,,,,,,,,,,,,,,,,,,,,,,,,,,,,19,63dac664155f064d6f07,1
21402,4,3,5,1,4,4,4,4,4,4,4,3,4,2,3,2,5,2,2,5,4,4,3,4,3,3,3,4,4,5,4,4,4,4,5,5,3,4,4,4,4,4,5,4,230,a607de03adaa45fa4151,0
21425,5,5,4,4,5,1,5,4,4,5,5,4,3,4,4,5,4,4,5,5,1,3,3,2,5,5,1,2,5,5,1,2,2,,1,5,4,4,1,5,1,5,5,5,342,c7f7782eefbc4b1f68a1,1
21432,5,2,4,1,5,2,4,1,3,5,4,1,5,4,5,5,5,1,4,5,2,4,3,4,5,4,2,4,4,4,2,4,5,4,4,3,2,3,5,4,3,5,5,3,399,724a3d29840634b51f6f,0
21442,3,4,4,4,2,5,4,5,3,4,2,4,4,5,4,3,2,2,5,2,5,4,4,2,3,3,4,4,5,3,5,3,4,3,5,2,4,5,5,3,2,4,4,4,389,75ffcc13ebaf14fa6aa4,0
20905,4,3,3,,4,3,4,4,4,4,3,2,4,4,4,4,3,4,2,4,2,5,4,4,2,4,4,4,4,5,5,4,4,5,2,5,4,4,2,3,3,4,4,4,19150,76b42002d11c6a38bb1f,1
21350,5,3,5,1,4,3,4,4,1,5,5,2,5,4,3,5,1,4,5,4,1,4,4,2,3,4,1,4,5,4,2,5,5,1,2,5,2,2,3,4,4,5,5,4,380,63dac664155f064d6f07,1
21149,2,3,5,4,2,4,4,4,1,5,4,1,5,5,3,3,5,5,5,4,4,5,5,4,2,4,2,4,4,4,4,5,4,2,2,2,2,3,4,5,2,5,5,3,482,bd595e53bfd75102c9da,0
21478,5,3,4,4,3,4,5,3,2,4,3,1,4,3,4,3,4,2,4,5,2,4,3,4,3,3,4,4,4,4,4,5,4,3,2,5,4,4,4,3,4,4,4,2,132,268b64fa938fcc34005f,0
21511,4,4,4,2,3,2,4,4,2,4,3,1,4,3,3,4,5,4,4,4,3,4,5,2,3,2,2,4,4,4,4,4,4,3,4,4,4,4,4,4,2,4,5,1,185,a7e8050e81710ee81bb7,0
21524,5,4,2,4,2,2,4,5,2,5,4,2,3,4,3,4,4,4,3,2,3,4,5,4,3,4,4,3,5,3,4,4,2,2,3,4,4,4,4,4,2,4,5,1,158,eb611f0b3d151eeb1ee4,0
21527,2,1,5,1,3,4,4,4,1,5,4,1,5,2,3,3,5,4,5,3,4,5,4,4,3,1,1,5,2,4,5,5,4,3,4,3,1,5,5,4,2,4,5,2,200,235cdbd371ea61426591,0
21528,2,4,3,2,5,4,4,5,2,5,2,3,4,5,5,3,5,5,5,5,4,2,4,4,4,1,4,1,3,4,5,5,4,4,2,3,3,4,5,5,1,4,5,5,219,ee11de471bc194af1a08,0
21561,4,5,5,1,4,3,1,1,5,5,4,1,5,2,5,4,4,1,2,5,4,3,1,4,4,5,2,5,1,4,3,4,5,5,5,4,2,5,1,5,2,4,1,5,215,93454db6665be0854586,0
21839,2,5,5,1,5,4,3,2,5,5,4,2,5,4,4,5,4,2,4,5,4,3,1,2,5,5,5,5,5,5,5,2,5,5,1,2,4,5,1,5,1,4,4,5,986,8b6725aa3206555a20b3,0
21889,4,3,5,3,4,2,5,1,2,5,5,1,5,5,3,5,5,1,5,5,2,3,2,3,4,4,1,5,5,5,4,5,4,4,4,5,2,5,5,5,2,5,4,5,165,39f4adf3d3721135a961,0
21910,3,5,2,5,4,3,5,5,5,5,1,5,2,1,5,5,5,4,2,3,3,4,5,5,5,5,5,2,1,4,4,5,5,5,3,5,5,3,1,5,3,3,5,3,194,7f46b01af47e1b24b01e,0
21933,5,1,5,1,5,4,5,4,4,5,5,1,4,4,4,5,5,5,4,5,4,5,1,5,5,4,5,3,2,4,4,5,5,5,2,5,1,5,1,4,4,5,4,4,260,2fd1356d9d8a2ec7e5e8,0
21934,,,,,,,,,,,,,,,,,,,,,,,,,,,,,,,,,,,,,,,,,,,,,31,2fd1356d9d8a2ec7e5e8,1
21955,5,2,4,2,4,2,4,2,4,4,4,1,4,4,2,5,5,1,5,5,2,2,2,4,4,4,2,4,5,5,5,5,5,4,4,5,4,5,5,5,1,4,4,4,215,248163165c0dfff2b257,0
21528,2,4,3,2,5,4,4,5,2,5,2,3,4,5,5,3,5,5,5,5,4,2,4,4,4,1,4,1,3,4,5,5,4,4,2,3,3,4,5,5,1,4,5,5,199,ee11de471bc194af1a08,1
21538,4,4,4,2,3,2,4,4,4,4,4,1,3,3,3,4,5,4,4,4,2,4,4,2,2,3,1,3,2,5,4,4,4,3,4,4,2,4,4,4,1,4,2,4,248,f4ec7253c0efb671a8bf,0
21526,5,4,5,1,5,1,5,4,3,4,3,1,5,5,3,,3,3,4,5,2,5,4,5,5,5,5,5,5,5,5,5,4,3,5,5,1,5,5,5,5,5,5,5,3839,508cbb1119f5f7987a4a,1
22074,5,3,3,4,4,3,5,2,1,5,3,3,5,4,4,3,2,4,4,5,2,5,2,2,4,3,2,4,4,4,2,3,4,3,3,4,4,5,3,5,4,4,3,4,249,64275718b51194492530,0
22136,4,4,4,4,3,5,3,3,2,5,3,2,2,3,5,3,4,4,4,4,5,2,4,4,4,1,5,3,3,2,4,3,4,4,3,2,4,4,3,4,3,2,3,3,125,4304f55a7a6babb87e5c,0
22207,4,5,5,4,4,5,3,2,4,5,3,1,5,4,5,3,2,1,5,2,4,2,4,3,3,2,3,5,5,5,5,2,4,2,2,2,4,3,5,5,1,4,3,4,219,1149ab8752b08a4e6cf2,0
22232,2,2,4,4,2,4,4,4,2,2,2,2,4,4,3,2,4,4,4,2,4,2,4,2,2,2,3,4,4,4,4,4,3,2,2,2,2,3,4,4,4,4,4,2,244,1e2b3725156c77196028,0
22249,2,4,4,3,4,5,5,4,5,5,3,1,4,5,5,4,5,5,4,5,5,4,5,3,4,1,4,4,2,4,5,5,4,5,3,1,1,4,3,5,3,4,3,2,316,eb4ae1bce5f4d0b41ddb,0
22264,3,4,3,5,3,4,4,3,1,5,1,2,3,4,4,2,2,2,4,4,3,1,4,5,3,3,4,3,2,3,5,5,4,3,3,1,2,3,4,4,3,2,2,2,226,d213b7359a4e6fbf927f,0
22279,4,4,5,3,2,4,4,4,3,5,3,1,5,3,4,4,5,2,2,3,4,4,5,5,2,3,4,2,4,4,4,5,4,5,3,2,2,3,4,5,4,4,5,5,151,a147060354d553a74cd3,0
22290,5,2,4,4,5,2,4,4,3,5,,2,4,2,4,5,4,4,5,5,2,5,3,3,4,2,2,3,5,5,3,5,4,2,3,5,3,4,5,5,3,5,4,5,159,959f4af6bebe0b659f26,1
22298,3,2,4,4,4,3,5,3,4,5,3,2,3,2,5,4,5,3,1,3,2,3,2,4,3,4,4,4,3,4,2,5,4,5,2,3,2,3,2,5,1,4,2,5,136,4ab00b97dda3209a850a,0
22356,3,3,3,4,2,5,3,4,3,4,1,3,3,4,1,1,4,3,4,2,4,5,4,2,3,4,4,3,5,2,4,5,3,,5,2,4,3,2,2,4,3,4,2,181,4a5e549d68908b4d2e1d,1
22413,,,,,,,,,,,,,,,,,,,,,,,,,,,,,,,,,,,,,,,,,,,,,38,f356e58268adb83c9c92,1
22453,3,4,5,4,5,4,4,4,3,5,2,1,5,4,5,5,4,4,2,5,3,4,4,5,5,3,4,5,4,5,2,4,5,5,2,2,2,5,1,5,1,4,4,5,213,30eec6fd354a4c9f9f3d,0
21790,5,4,5,1,4,,2,1,3,5,4,5,4,4,5,4,2,1,5,5,3,2,1,4,5,5,5,4,5,5,4,1,5,4,4,2,5,5,4,5,1,2,4,5,384,47b5ebc0168cb730b756,1
21841,5,4,4,3,4,2,4,4,3,3,4,4,4,4,3,5,4,3,4,5,1,4,4,2,2,4,1,4,4,5,2,5,2,3,1,5,2,5,4,4,1,4,4,5,1017,35f85fc1fbca04fb9f43,0
21944,,,,,,,,,,,,,,,,,,,,,,,,,,,,,,,,,,,,,,,,,,,,,71,6206c87b70fefef4c591,1
22514,5,4,5,1,2,5,2,2,4,5,4,1,5,5,1,5,5,4,4,3,1,4,2,3,1,2,2,2,4,5,4,5,4,2,3,5,4,5,3,4,1,4,4,4,316,dd7ccda567c1da8e4c85,0
22521,4,2,3,2,3,2,4,3,4,4,4,1,5,2,3,4,4,3,2,3,2,4,3,4,3,4,4,4,2,2,2,4,4,4,4,5,2,4,3,4,4,5,3,4,160,40b8b81f8e8134b80d5c,0
23227,4,4,5,5,5,4,4,4,1,5,2,2,4,5,4,4,4,4,5,5,2,4,4,2,5,3,4,2,4,5,4,4,5,5,3,2,4,2,4,5,1,3,5,4,235,a1a893481fbc317ef46b,0
23836,5,3,4,4,4,2,4,2,2,5,4,1,4,2,3,4,5,2,4,4,2,3,3,4,4,4,3,4,2,5,2,4,4,3,2,4,1,3,3,3,1,4,3,4,206,a10cd3f8f9308c7ee7de,0
25749,1,3,4,2,2,5,3,4,4,4,2,2,5,4,5,2,3,2,2,4,5,5,4,2,3,2,4,3,4,4,4,4,4,4,3,1,3,2,4,4,4,2,4,4,174,c4c28555ec123a34ff68,0
25754,4,3,5,1,5,2,2,4,4,5,3,3,4,2,5,3,2,2,1,5,2,2,3,3,5,4,5,4,3,1,2,2,4,3,2,3,2,4,4,5,3,4,2,2,525,434cb700dc26768fb50e,0
25827,4,2,5,5,2,5,4,4,2,5,3,2,5,4,3,2,4,5,3,5,5,5,5,2,2,3,2,3,4,3,4,5,3,3,5,2,4,3,4,3,4,2,4,4,170,e28ac3110d1b07e96c82,0
26484,2,1,5,2,4,4,4,4,3,5,3,1,5,5,3,5,5,4,2,4,4,4,3,3,4,5,4,5,4,5,4,5,5,4,1,4,4,5,4,4,2,5,4,2,300,ef10f0365580fadef7e0,0
26771,4,5,1,5,5,4,3,4,2,5,3,2,2,5,5,3,2,4,5,5,3,2,4,2,5,4,4,3,5,5,5,4,4,5,3,2,2,3,5,5,1,4,4,5,175,228b77fca300a4297fdd,0
26797,5,1,4,1,4,2,4,2,5,5,4,1,4,2,4,3,5,1,4,5,2,4,2,4,4,1,1,5,4,4,2,5,4,4,3,4,1,2,2,4,1,5,2,4,173,f81ffe106d2424a7785b,0
22159,,,,,,,,,,,,,,,,,,,,,,,,,,,,,,,,,,,,,,,,,,,,,29,494b85ef1445624fd868,1
22208,4,4,4,4,3,5,4,4,2,4,3,1,5,5,4,3,4,5,5,5,4,2,2,1,3,4,5,5,5,5,4,4,4,2,4,3,4,4,5,5,2,4,2,4,216,59c9fa21f50e670babc4,0
22214,4,5,4,2,3,3,3,2,1,5,4,1,4,4,3,4,4,1,5,4,3,4,2,4,3,5,2,4,4,3,2,4,5,3,2,3,3,4,4,3,4,4,3,3,277,114d8c9b6d6a655f932c,0
27782,5,4,3,4,3,2,4,3,2,3,4,3,3,1,3,4,4,3,3,2,4,5,4,3,3,4,3,5,3,2,3,4,3,4,4,3,3,4,2,4,2,4,3,4,76,628c4fce7366f258ebaf,1
27815,1,1,1,1,1,1,1,1,1,1,1,1,1,1,1,1,1,1,1,1,1,1,1,1,1,1,1,1,1,1,1,1,1,1,1,1,1,1,1,1,1,1,1,1,59,5ef7512b9bec7d2e9161,1
27875,,,,,,,,,,,,,,,,,,,,,,,,,,,,,,,,,,,,,,,,,,,,,25,5ef7512b9bec7d2e9161,1
27912,,,,,,,,,,,,,,,,,,,,,,,,,,,,,,,,,,,,,,,,,,,,,73,2de1432a63b73cd88c11,1
27933,,,,,,,,,,,,,,,,,,,,,,,,,,,,,,,,,,,,,,,,,,,,,9,e749368e562ea2eede73,1
22314,5,3,4,4,5,4,4,4,4,5,3,1,2,4,5,4,4,4,4,4,3,3,3,2,4,3,3,2,4,4,2,4,2,5,2,4,2,2,3,4,1,4,4,5,122,e9fdb6ca56576d09b68f,0
28691,1,5,5,4,4,5,4,3,1,5,3,2,4,5,3,2,2,1,5,4,4,4,3,3,3,2,5,4,3,2,5,4,4,4,1,1,2,4,5,3,4,3,2,3,240,f53a5b9e79904d36bd54,0
28975,4,2,3,4,4,1,4,4,2,5,3,4,4,4,3,5,2,5,2,4,2,4,4,1,4,4,2,2,4,4,4,4,2,2,1,4,3,2,5,4,2,4,4,2,339,f9929b6ea098b34573a8,0
29125,2,3,5,4,4,5,4,3,2,4,3,3,5,4,4,3,3,1,4,4,4,4,3,2,4,2,2,3,4,4,5,4,4,2,3,2,2,4,5,4,2,3,3,2,213,6da5c9815fbf1c1591b1,0
29570,2,3,2,2,2,4,1,4,2,3,3,3,3,3,2,3,2,4,2,2,4,3,5,4,2,2,3,2,3,2,3,1,4,2,2,2,4,2,3,2,2,3,5,1,250,73434aaf5279665b216e,0
29704,5,2,2,1,4,2,4,4,5,5,4,2,3,2,4,3,5,4,1,5,4,5,4,4,4,2,2,5,2,2,4,4,5,4,2,4,2,2,3,4,2,4,5,2,347,e5aed099a38dd1436592,0
29848,4,4,2,4,2,3,4,4,2,4,3,2,3,4,3,3,2,4,5,4,2,5,4,2,4,3,4,,4,4,4,4,2,4,4,4,2,3,5,4,4,5,3,4,352,7c57ea00916f0879d430,1
30207,4,4,3,3,5,4,5,4,2,5,1,1,5,5,5,5,4,5,5,5,4,5,5,2,5,4,1,5,4,5,4,5,5,4,3,3,1,5,3,5,1,4,2,5,231,4a77d4436caa9ab04290,0
30541,3,4,4,4,3,3,5,1,2,5,2,1,3,3,5,2,4,3,5,3,5,5,2,3,1,4,4,3,4,5,2,5,3,4,4,4,2,5,4,4,5,5,5,4,409,dfcc138134b9e63a324b,0
23536,4,1,5,1,5,5,5,5,5,5,5,1,5,1,5,5,5,4,1,5,5,5,5,5,5,2,1,5,1,5,5,5,5,5,5,4,4,5,1,5,1,5,1,5,215,61737ffd7e5735be27b2,0
24854,3,4,4,5,4,5,4,4,2,5,3,2,1,4,4,3,5,5,2,4,4,5,5,3,5,4,5,2,3,4,4,4,3,5,4,2,5,3,2,5,4,4,5,1,379,d390de303ba1718993fc,0
25129,5,5,4,3,4,3,3,4,4,5,5,3,4,4,4,5,4,3,2,5,4,3,4,4,5,5,5,4,5,3,2,4,5,5,3,4,4,4,3,5,2,5,4,5,462,f129272671263a169b22,0
26061,1,3,4,4,4,3,3,2,1,4,2,1,3,4,4,2,2,3,5,5,5,2,3,1,3,2,3,2,5,2,5,3,3,2,5,1,4,4,5,4,3,2,4,3,253,4439f9341019711c82c6,0
28625,4,4,4,3,4,2,2,4,2,5,4,1,5,3,3,4,3,4,5,5,2,4,5,3,4,2,2,4,4,5,2,4,4,4,5,4,5,1,4,3,1,5,4,5,243,9f8fb06ef1ded9d24124,0
31593,2,3,3,5,3,1,4,4,2,5,1,2,3,4,4,2,4,4,5,3,5,4,4,3,3,2,3,2,3,4,4,5,3,1,3,2,3,2,4,4,4,3,2,4,340,d47e53248cdc0bdfad9c,0
29451,4,4,2,4,2,4,2,4,2,5,4,4,4,4,2,4,4,5,5,4,3,2,4,2,2,4,2,2,4,4,4,4,2,2,4,2,4,2,5,4,2,4,5,4,268,a0a213e750e91f9e8f30,0
30187,3,4,4,2,2,4,5,2,2,4,4,1,5,4,3,2,2,2,4,3,4,3,3,4,2,3,2,4,2,4,4,4,4,2,3,2,2,4,3,4,3,3,3,4,176,26f80dbc29b7304640a9,0
32018,4,4,4,2,4,2,4,4,5,5,2,1,4,3,5,3,4,2,2,5,2,2,4,4,4,5,2,4,2,5,2,4,4,4,3,4,1,4,2,5,4,5,4,2,185,910ba2305ec65516b3cc,0
32219,4,2,5,4,5,2,5,1,4,5,3,1,5,2,5,4,5,1,2,5,3,4,1,4,5,4,1,5,3,5,3,5,5,4,2,4,1,5,1,5,1,5,1,5,405,ddc128dc75c789b64123,0
32422,4,2,4,1,5,2,4,3,4,5,4,1,4,2,4,4,5,4,2,5,2,4,3,4,4,3,2,4,2,4,3,4,4,4,2,4,2,3,2,4,2,4,4,3,148,16c3b0755bca35affc9d,0
32529,1,4,3,4,4,5,3,2,1,5,1,4,4,5,4,2,1,4,5,4,4,4,4,2,4,1,4,2,4,4,5,3,2,2,4,1,4,3,5,4,5,2,3,4,421,40d4237ba4b6ad52f6fe,0
31744,5,2,4,1,2,3,5,2,5,5,5,1,5,1,5,5,5,1,1,2,1,5,4,4,2,5,2,4,1,1,1,5,4,5,3,5,2,4,1,4,5,5,5,1,207,5d062dd673c11a2698e5,0
31745,5,2,4,1,2,2,5,2,5,5,5,1,5,2,4,5,5,1,1,2,1,5,4,5,2,5,2,4,2,1,1,5,4,5,3,5,1,4,1,4,5,5,5,1,281,5d062dd673c11a2698e5,1
32850,2,1,5,1,5,2,5,3,5,3,4,1,5,1,5,5,1,1,4,4,4,5,1,3,4,4,1,5,5,4,2,3,5,1,2,4,3,5,2,1,1,5,2,1,521,e1db52d8e86823f68eff,0
33131,4,3,2,1,5,3,5,1,3,5,4,2,4,3,5,5,5,3,5,5,4,4,4,5,3,3,2,3,4,4,3,3,2,4,2,4,2,3,2,5,5,4,3,5,482,baa95a5a308218c49d3b,0
33157,4,4,4,2,3,4,4,3,2,4,3,3,4,4,4,4,2,2,4,3,2,4,3,3,4,5,4,4,4,4,4,3,4,4,2,4,4,4,4,4,4,4,5,4,204,75f45eb0349bb27e6647,0
33206,4,2,2,1,4,2,2,1,5,4,3,1,5,2,5,3,5,4,4,5,2,5,3,3,2,4,1,4,2,4,3,5,4,5,5,4,1,2,2,4,4,5,4,3,663,8bbc9d2f266e7d52c9f8,0
33208,1,1,5,1,5,5,5,1,5,5,5,1,5,1,4,4,5,1,2,5,4,2,1,5,4,4,1,5,4,4,1,5,5,5,5,5,1,5,2,4,4,5,1,4,972,f6585c0ef41fe6a7ee48,0
33443,4,3,1,2,3,4,5,4,4,4,5,1,3,1,2,5,5,4,1,4,1,4,3,5,2,4,1,3,2,4,1,5,4,5,5,5,1,3,3,4,4,5,5,4,952,d4d7f36260534beec409,0
32775,2,4,3,4,3,2,3,4,2,3,1,2,5,4,3,2,1,2,4,5,5,3,5,1,1,3,4,3,4,3,4,4,4,1,5,3,2,4,4,3,3,5,2,3,443,72cda73ba8ad289a8c59,0
33522,3,3,4,2,4,5,5,1,4,4,4,1,5,3,3,4,3,2,3,3,3,4,1,4,3,4,1,4,3,4,3,4,4,4,3,3,1,4,3,4,3,4,3,2,257,c4902ec48a71c580818b,0
32842,5,1,5,1,4,3,4,4,5,4,4,2,5,2,3,4,1,5,1,5,2,5,4,5,5,4,4,5,2,5,4,4,5,5,5,5,4,4,2,4,1,5,4,5,1672,d8ee1ec213e87120ba35,0
32851,,,,,,,,,,,,,,,,,,,,,,,,,,,,,,,,,,,,,,,,,,,,,299,e1db52d8e86823f68eff,1
32945,4,3,3,3,4,4,4,5,5,5,2,2,4,2,4,2,5,4,2,4,5,4,5,5,,4,4,2,4,5,5,4,3,5,2,2,3,4,4,4,1,2,2,4,1145,3dcac96e2878884317a8,1
33639,2,3,1,4,3,2,3,2,1,5,3,4,2,1,3,4,4,3,2,,1,2,3,5,4,4,4,3,3,4,4,4,3,2,2,2,1,1,4,5,5,5,5,4,57,ac080d2f23b800f1f7b2,1
33685,3,1,1,5,4,4,5,2,5,5,4,1,5,3,4,3,5,3,4,3,4,5,1,5,4,3,1,1,1,4,4,5,5,5,1,3,1,4,1,4,4,5,1,3,437,4d779250ef280b385ba6,0
33074,4,5,5,2,3,2,5,1,5,5,5,2,5,1,5,5,4,1,1,3,4,4,2,4,4,4,2,5,4,5,2,5,5,5,5,3,1,5,3,5,2,5,1,3,217,cd32e9f64720e586851e,0
33785,2,4,4,4,3,4,4,4,3,4,2,2,3,3,4,2,4,4,3,4,4,4,4,2,3,2,4,3,3,4,4,3,2,3,3,2,3,2,4,4,2,4,4,4,165,64c76894da7d5a47a963,0
33799,4,3,3,3,2,2,4,4,5,5,4,2,4,4,3,4,4,3,2,3,3,4,3,4,2,5,3,2,3,4,4,4,4,5,1,4,3,4,3,3,3,2,4,3,235,2436f45f0174feaf373c,0
33800,1,1,5,1,4,5,1,1,5,5,5,1,2,4,4,4,2,1,1,4,4,4,1,5,5,1,5,3,2,1,1,5,5,5,4,2,1,5,2,4,2,5,1,2,623,f6585c0ef41fe6a7ee48,1
33833,4,3,4,1,4,4,4,3,5,4,4,3,5,3,4,4,4,2,2,4,2,5,4,5,4,4,2,3,4,4,3,4,5,5,5,5,2,5,3,3,3,4,4,3,262,02c4a16a24cef6c4cc8c,0
33899,5,4,5,1,5,3,4,4,3,4,3,3,4,4,4,4,4,3,3,4,4,4,3,3,4,4,4,4,4,5,3,5,4,4,1,5,1,3,4,4,2,4,4,3,453,fb96adee919b52477270,0
33922,3,5,4,1,3,5,3,2,5,4,3,3,5,4,4,3,4,1,3,4,4,5,2,4,4,3,4,4,4,3,5,5,5,4,5,4,5,5,3,4,4,3,3,4,282,0bbe5a67a780becaa594,0
34059,5,2,4,1,4,2,5,2,2,4,4,1,5,4,3,4,4,3,5,3,3,5,4,2,4,4,3,4,5,4,4,5,4,2,4,,2,3,5,3,3,5,5,2,296,f8f698fb65f0cba3b61d,1
34209,4,4,4,3,3,4,4,3,4,4,3,4,4,3,4,4,4,2,3,4,2,4,4,4,4,5,3,5,2,5,4,4,4,4,4,4,1,2,4,4,3,5,4,4,149,f03f6daa8ddcf6078a06,0
34334,1,1,5,1,5,5,5,1,5,4,5,1,5,2,5,4,5,1,2,5,4,5,1,5,4,4,1,5,3,2,1,5,5,5,4,4,1,5,2,4,3,5,1,2,324,f6585c0ef41fe6a7ee48,1
34382,1,1,5,1,5,5,5,1,5,,3,1,5,3,4,4,5,1,2,4,3,5,1,5,4,1,5,,2,3,1,5,5,4,4,4,1,5,1,4,2,5,1,3,209,f6585c0ef41fe6a7ee48,1
34386,2,1,4,1,4,4,5,2,4,4,4,1,5,4,,3,5,4,4,2,5,5,2,5,3,4,1,4,4,2,5,5,4,5,1,3,3,4,5,5,4,4,2,4,219,e9bd6baac9ad0e8280d4,1
34399,4,4,4,4,4,4,4,4,4,5,5,5,5,4,5,4,5,5,5,5,4,5,2,4,4,4,5,5,5,5,5,4,5,5,5,5,4,5,5,5,5,5,4,5,93,24333f7fa83e27f3d3e5,0
34457,3,3,4,1,4,3,3,3,5,3,3,1,4,2,4,3,4,4,2,4,4,3,4,3,4,4,2,3,3,3,3,4,3,5,4,4,3,3,3,4,4,4,4,2,511,5c2ae33799d1ba064d95,0
34613,4,2,4,3,4,4,5,3,2,4,3,1,5,4,5,4,5,2,5,5,4,5,4,2,4,5,4,5,3,5,4,5,5,4,2,5,3,4,5,4,1,3,4,5,560,42bc1ea395fabf1d77e4,0
33680,4,4,3,2,5,3,5,4,1,5,1,1,4,1,3,4,4,5,5,5,3,5,4,1,5,4,2,3,4,5,4,5,4,3,2,4,2,3,4,4,1,4,4,5,553,4a77d4436caa9ab04290,1
33684,4,1,5,1,4,4,5,3,5,5,4,1,5,3,4,3,5,3,5,4,4,5,1,4,3,4,1,2,1,4,3,5,3,5,1,4,1,4,2,4,5,5,1,3,514,4d779250ef280b385ba6,1
34961,5,4,4,3,4,3,2,,3,5,3,3,4,4,4,3,4,4,4,3,2,2,4,2,2,4,4,3,5,3,4,2,3,3,4,4,4,2,4,3,5,3,4,3,130,9611113df52e7165cdd6,1
35025,2,2,4,4,2,5,5,3,2,3,3,1,4,4,4,3,5,3,4,2,5,3,2,2,2,3,2,4,4,3,4,5,4,3,3,4,2,5,4,3,3,4,3,2,115,d4d7db1b4277d08c2888,0
35066,5,3,4,2,3,4,4,3,3,2,4,1,4,3,2,4,2,3,4,4,4,5,3,5,4,4,3,4,2,4,4,4,4,3,5,5,3,2,4,3,3,4,4,3,134,8123e8806687607963f6,0
35075,3,1,4,3,5,3,3,4,4,5,4,1,5,4,4,3,5,2,3,5,4,5,3,2,4,3,2,5,4,5,4,5,5,4,2,3,1,5,4,5,1,5,3,5,208,b1b57977c56cc92c46d8,0
35100,2,4,4,2,5,5,5,3,2,4,1,2,5,4,3,3,5,5,5,3,5,5,5,2,3,2,3,4,4,4,5,5,2,2,5,3,1,1,5,4,1,4,5,4,786,a72bfa6310bdd98d0c3c,0
35117,4,4,5,1,4,4,5,4,5,5,4,2,5,4,4,5,5,2,2,5,4,4,3,3,4,5,1,5,2,4,4,4,4,5,2,4,2,5,4,4,3,5,4,4,189,60b23d249f4dd7f9d72b,0
35253,4,5,5,2,4,5,4,2,4,5,3,1,5,2,2,3,4,3,4,4,5,5,5,4,3,1,3,4,2,4,4,5,5,4,3,4,1,3,4,4,1,5,2,3,172,530ec39ef1386f287546,0
34197,5,4,4,5,2,4,4,5,1,5,3,4,4,4,4,2,2,5,5,4,2,4,4,2,1,2,4,3,5,3,2,2,5,2,5,4,4,5,4,4,4,4,5,4,198,e5f447cd38c465f0b656,0
35378,5,4,5,2,4,2,5,2,2,5,5,4,5,4,4,4,1,4,5,5,2,5,4,3,3,5,5,4,4,4,4,5,5,4,4,5,4,5,5,5,2,2,4,4,166,fa5e1ebcce8cd7772071,0
34247,4,3,4,1,3,3,4,4,2,5,4,3,5,4,5,4,4,4,4,4,2,5,4,2,3,3,2,4,4,3,2,4,4,4,4,5,1,4,4,3,4,4,4,2,245,45472c02a2f96ffcb252,0
35394,5,3,5,2,4,2,5,2,4,5,5,3,5,3,4,5,4,2,4,4,2,5,3,4,3,4,1,4,2,5,2,5,4,4,3,5,2,5,2,4,1,5,3,5,114,0db81fcf881c35a20679,0
35421,1,1,1,1,2,2,2,2,2,2,2,2,2,2,2,2,2,2,2,2,2,2,2,2,3,3,3,3,3,3,3,3,2,2,2,2,2,2,2,2,3,3,3,3,47,9c917fd3322d6c3de271,1
35432,2,2,2,2,2,2,2,2,1,1,1,1,1,1,1,1,1,3,1,1,1,1,3,1,1,1,1,1,1,1,1,1,1,1,1,1,1,1,1,1,1,1,1,1,76,fe453301e3e50ee36fba,0
35460,5,3,4,5,4,2,5,2,2,4,3,2,4,4,4,4,5,3,5,5,2,4,3,1,3,3,4,4,3,5,3,5,4,3,3,4,2,3,3,3,1,4,4,5,1395,a10cd3f8f9308c7ee7de,1
35492,4,2,4,3,4,4,4,4,2,4,4,1,4,4,4,4,5,2,5,5,5,5,3,2,4,2,2,4,4,5,5,4,4,3,4,4,2,4,5,4,2,4,4,3,189,765db6acfcc17ed68333,0
35497,4,2,4,3,4,4,4,4,2,5,4,1,5,4,4,4,5,2,5,5,4,5,3,2,4,2,2,4,4,4,4,5,4,4,4,4,2,4,5,4,2,4,4,4,128,4e63b8ca54c3c7a02785,0
35523,5,4,5,1,5,4,4,1,3,4,4,2,5,4,4,5,3,1,5,5,1,4,1,5,5,5,1,5,1,5,3,5,5,4,2,5,2,5,4,5,1,4,1,5,221,04e2aa93b2e07d59b3bc,0
34463,5,3,4,1,4,3,3,4,5,3,3,1,4,2,3,3,4,4,2,4,3,4,4,3,4,4,2,3,3,2,3,4,4,4,3,5,2,3,2,3,3,4,4,2,601,5c2ae33799d1ba064d95,1
34471,3,2,5,1,5,3,5,4,4,4,4,3,5,4,3,4,5,2,4,4,2,5,2,5,4,4,2,4,2,2,4,4,4,4,2,4,1,4,2,4,4,5,2,1,440,7497630b8ce460664295,0
35557,5,4,5,3,4,2,1,3,2,5,4,2,5,5,4,4,4,2,5,4,2,3,3,3,4,5,5,5,5,4,2,4,5,2,3,5,4,3,4,5,2,5,4,2,238,797a586f2036b828effd,0
34500,2,1,4,3,3,3,5,3,5,5,4,1,5,3,4,4,5,4,4,3,5,5,4,5,3,4,1,2,3,3,3,4,4,5,1,3,3,4,4,4,4,4,3,3,1938,7dd6f1630b6190d66f6e,0
34503,,,,,,,,,,,,,,,,,,,,,,,,,,,,,,,,,,,,,,,,,,,,,1714,7dd6f1630b6190d66f6e,1
34511,3,4,4,2,3,4,4,2,5,4,4,4,,3,3,3,4,3,4,4,3,3,3,3,1,3,4,3,3,3,4,4,4,3,4,4,4,3,2,2,4,3,2,3,331,4978be90e01add52e6e2,1
34527,,,,,,,,,,,,,,,,,,,,,,,,,,,,,,,,,,,,,,,,,,,,,666,4978be90e01add52e6e2,1
34473,4,4,4,4,2,3,5,4,2,3,2,4,4,5,4,4,5,1,5,4,4,4,4,2,3,2,4,4,4,3,4,4,4,4,4,4,2,4,5,3,2,4,4,1,509,f10feff6984007a2e702,0
35622,3,4,5,4,5,,2,2,2,5,4,2,5,5,4,5,4,3,2,3,4,3,2,3,2,3,4,,5,4,3,3,3,4,3,3,4,4,4,3,4,4,4,4,111,fc6ce8077a99700cf934,1
34615,4,1,4,3,4,4,5,3,2,4,3,1,5,4,5,4,5,2,4,5,4,5,4,2,4,5,2,4,3,5,4,5,5,4,2,5,2,4,5,,1,4,4,5,160,42bc1ea395fabf1d77e4,1
35651,5,4,5,1,4,1,5,1,1,4,5,1,5,4,3,5,5,4,5,4,1,2,1,2,3,5,1,5,3,5,1,5,5,2,5,5,1,5,5,4,1,5,3,5,353,2dc16cf3eeeae9094c0d,1
35669,4,3,5,1,5,3,4,3,4,5,5,3,5,5,5,5,2,1,4,5,3,1,1,3,4,4,3,4,3,5,3,4,5,4,3,4,3,3,3,5,1,5,5,4,140,df3bb5430c7523c8e736,0
35729,1,2,3,5,4,,,,5,,4,3,2,1,,,1,1,1,1,1,1,1,1,2,3,4,5,,,,,1,,2,,,3,4,5,1,2,5,3,54,d515169e8e9580b882cb,1
35368,5,5,5,1,4,1,4,3,5,5,5,3,5,4,4,5,5,5,3,4,1,4,4,2,4,5,2,2,4,5,1,5,5,4,3,5,4,5,1,2,1,5,5,3,132,c6f3110e1f18692c81dd,0
35869,3,1,5,1,4,2,4,3,5,5,4,1,5,4,5,5,5,3,1,5,3,5,2,5,4,1,2,4,4,5,3,5,5,5,1,5,1,4,1,5,5,3,3,3,323,3d1bf819b454ed5945d5,0
35631,2,4,5,2,4,4,4,4,3,5,3,1,5,4,4,3,2,5,5,5,5,5,3,3,3,4,3,4,3,5,5,5,4,2,4,3,1,4,4,5,1,5,5,5,307,c865a2c6916086c9955f,0
36125,2,2,2,3,2,5,3,2,2,4,2,1,3,3,2,2,4,3,4,4,5,5,4,1,2,2,4,3,4,3,5,3,3,2,5,2,3,3,3,3,4,2,3,3,169,ac235bfb5a65dc138ac8,0
37300,4,5,3,2,5,1,5,4,4,5,4,3,4,2,4,4,5,2,1,5,2,5,5,5,5,2,4,2,1,2,2,5,5,5,4,3,3,2,2,5,2,4,5,4,146,f029dc02476ecc1885d0,0
37502,2,5,2,2,5,5,4,5,5,5,2,2,2,1,5,2,4,4,1,5,5,4,4,5,5,2,4,2,4,3,4,4,4,5,4,2,5,2,4,4,2,3,5,4,160,c6833d03b9e926b2c068,0
37558,4,1,5,2,4,4,4,5,4,5,5,1,5,4,2,3,5,5,2,5,4,4,3,2,2,1,2,4,4,5,5,5,5,4,1,,2,4,3,5,1,4,5,4,302,e4d7a4b875374e1045fd,1
37671,5,5,5,4,5,3,3,4,3,5,3,3,5,5,5,3,3,3,2,5,3,2,3,4,5,5,4,3,3,5,3,2,4,3,2,5,3,4,3,5,1,5,3,5,140,2ba3d7963e426fde6231,0
37830,1,2,4,1,3,5,5,2,5,4,3,1,5,1,4,3,5,1,1,2,5,3,1,5,3,3,4,5,1,2,5,5,5,5,3,3,1,4,1,5,5,5,2,4,155,8ca0daa5d9bfe324e3d3,0
39676,5,4,4,4,3,3,4,4,2,5,4,1,4,4,4,5,4,3,4,5,3,1,4,1,4,3,3,2,5,2,4,4,3,4,4,4,1,4,5,5,2,5,4,2,117,86bbfb3e619d07fc2f01,0
39699,5,2,4,4,4,3,3,3,5,5,5,2,4,2,5,5,5,5,1,5,1,5,4,4,3,3,3,2,3,4,2,4,5,5,5,5,4,4,1,5,3,4,5,5,154,4e375da3f29f041bbdb9,0
39701,2,4,4,3,4,5,3,3,1,4,4,3,4,5,5,2,2,1,5,5,4,2,3,3,3,2,4,2,3,4,5,5,5,1,5,3,2,3,5,3,5,2,5,4,188,30358df06f536955724d,0
39704,,,,,,,,,,,,,,,,,,,,,,,,,,,,,,,,,,,,,,,,,,,,,29,4e375da3f29f041bbdb9,1
40482,4,2,4,4,1,1,2,3,2,4,3,4,5,4,2,2,2,4,5,2,2,5,2,3,1,4,3,5,4,1,2,2,2,3,4,3,4,3,3,2,5,4,4,1,153,fb7231d3ab33a2af2b04,0
40964,1,3,4,2,5,2,2,5,5,5,4,1,2,1,4,3,2,3,3,4,5,4,3,5,5,3,4,4,3,4,4,4,5,5,4,2,3,3,1,5,2,3,5,4,399,a8f4100c17d603ef8360,0
37573,3,4,3,4,4,4,2,4,2,5,4,1,4,4,4,4,2,2,4,4,4,4,4,4,3,4,4,2,4,2,4,3,4,4,4,2,4,4,4,4,4,4,4,3,132,17aed68f788dd68c0f83,0
37585,4,3,3,2,3,4,4,3,4,3,2,1,3,3,4,3,4,4,3,4,3,2,4,3,2,3,3,3,4,4,3,4,4,4,3,3,3,4,2,4,2,4,5,2,186,0d9f1fc816ffc5315083,0
38063,5,3,4,1,4,2,4,4,4,5,3,2,2,1,4,3,4,4,2,4,2,4,5,4,4,4,3,4,4,2,2,2,5,5,5,4,4,4,4,4,3,4,5,3,133,c8736003eff1a4fd9369,0
38592,3,4,4,5,2,4,3,4,3,4,3,2,4,4,4,2,4,5,2,2,3,3,4,4,2,3,4,4,4,4,4,4,2,3,3,3,4,4,2,3,4,4,4,3,157,56475c3de7a637a31622,0
39705,5,2,4,4,4,2,5,4,5,5,5,2,4,2,5,5,5,5,2,5,2,5,4,4,4,3,3,4,4,4,2,5,5,5,5,5,2,4,1,5,4,5,5,5,94,4e375da3f29f041bbdb9,1
39706,3,3,4,3,4,5,3,3,1,4,3,2,4,5,5,3,2,1,5,5,5,2,2,3,4,2,1,2,4,4,5,5,4,1,5,3,1,4,5,3,4,2,5,4,121,30358df06f536955724d,1
41517,5,5,3,4,2,4,5,4,3,5,4,4,2,4,4,5,5,5,5,4,2,4,5,3,4,5,5,5,5,5,5,5,5,5,1,5,4,3,5,5,2,4,5,3,174,9aeea4ff47dd71332581,0
41841,4,4,3,1,4,3,4,4,4,5,5,4,4,4,5,5,5,3,4,5,4,5,4,4,5,5,4,4,4,5,4,4,4,4,5,5,4,3,4,5,1,4,3,5,346,c63d8da7bd820180d6b2,0
41803,4,3,4,4,3,4,4,4,2,4,4,3,4,4,4,4,2,3,5,3,3,3,4,3,3,4,2,3,3,2,4,4,2,2,2,4,2,3,4,4,3,3,4,3,218,1a91f6188082f0827fbb,0
42547,5,4,4,3,4,2,3,1,3,5,4,4,4,4,5,4,2,1,3,5,2,4,4,2,4,4,3,4,4,5,1,3,4,4,5,5,4,5,2,5,5,4,1,5,518,7ba9d2e50d2995c50d48,0
42619,1,4,4,3,4,5,3,4,1,5,1,1,4,5,3,1,2,4,4,2,5,2,4,2,3,1,5,3,4,4,5,4,4,2,1,1,2,2,5,5,4,1,5,3,189,3d5652c3ab2128a8a6cd,0
42936,3,2,4,1,2,,4,4,2,4,3,1,5,3,4,3,4,3,4,4,4,5,3,3,3,4,3,4,4,3,4,4,4,3,3,4,2,3,4,4,2,4,3,2,369,be88b8b008fc28a7f53b,1
42962,4,4,5,3,4,5,4,5,1,4,2,4,5,3,4,2,1,5,5,4,5,5,5,1,1,2,2,4,5,4,4,5,3,3,2,3,3,3,4,2,4,2,5,3,382,103e0503a082a846e32d,0
42972,5,4,5,1,4,4,5,4,5,5,4,4,5,4,5,4,5,4,4,5,4,5,4,5,4,4,2,4,4,5,4,5,4,5,5,5,4,4,2,4,4,4,4,4,194,57b038bffa1c8170d107,0
43119,1,3,4,2,4,3,3,2,2,5,3,1,5,4,4,5,3,4,2,5,5,4,2,4,4,1,4,4,4,5,4,4,4,5,1,1,1,2,1,4,4,3,3,1,587,354fe479442d988ec512,0
44267,5,5,4,3,3,4,3,3,5,5,2,3,3,4,3,2,2,5,3,4,2,4,4,3,3,4,3,1,4,3,3,2,5,5,2,4,4,4,3,3,4,4,4,4,385,18b81d0f055ecfbe3055,0
44346,3,4,5,1,4,2,4,3,5,5,4,1,4,2,5,4,5,5,1,4,4,4,5,5,4,3,2,2,2,4,3,5,4,5,1,3,4,3,1,5,3,4,4,2,336,3776d1df09a9d8c18ca6,0
44415,4,4,4,4,5,4,5,4,4,5,5,4,5,4,5,2,5,5,4,5,5,4,3,2,2,2,2,2,4,3,3,4,4,2,5,2,5,5,4,5,3,4,5,4,196,2165213507451fc9b8f4,0
44442,5,4,5,4,4,2,4,4,4,5,4,4,4,4,5,4,4,4,4,5,3,4,4,3,4,5,4,3,4,4,2,4,4,5,1,5,4,3,1,4,3,3,4,3,170,750b52d0df262dbf49c9,0
44500,1,5,4,5,3,5,5,4,5,5,1,1,3,4,5,2,5,4,3,5,5,3,5,2,3,2,5,4,5,4,5,5,4,5,3,2,3,4,5,5,4,3,5,5,150,c540dcae36c6339e7ef7,0
44602,1,5,4,2,5,5,2,2,5,5,2,1,4,2,5,2,2,4,2,3,5,4,4,5,4,2,5,4,1,4,5,3,5,5,3,2,5,4,4,5,4,1,2,5,186,0c88e12b0e18690285c9,0
44641,2,2,4,5,3,5,4,4,1,4,2,3,3,4,4,3,2,4,4,3,4,4,4,2,3,2,4,3,4,5,5,3,4,2,4,1,4,3,4,4,3,3,4,2,152,888b26b9d5eae39c4b89,0
44794,2,3,4,3,4,5,4,5,4,5,4,2,5,4,4,2,4,5,2,4,3,4,3,4,4,4,4,5,4,5,4,4,5,4,1,2,4,2,1,5,2,3,5,4,209,81a8388e05c1a74733f1,0
44844,4,1,4,2,5,3,4,1,4,5,4,3,5,2,4,3,4,1,2,5,3,4,2,4,4,3,1,4,1,3,2,5,4,4,3,2,1,4,2,4,1,5,2,4,514,b95dfdbd3b69a8d05bbe,0
45167,2,4,2,2,2,4,2,5,1,4,4,2,1,5,2,3,5,5,5,2,5,5,5,5,2,2,4,4,5,1,5,3,4,2,5,1,4,1,5,1,5,2,5,2,193,38cec535c469ab5b6d04,0
45212,3,3,4,3,4,5,4,2,5,5,3,2,5,4,4,3,4,4,2,4,5,4,4,5,4,4,4,3,2,4,5,4,4,5,4,3,4,3,3,4,2,4,3,3,263,e1b68fc44989c188158a,0
45245,1,4,4,4,4,5,3,4,5,5,2,4,2,5,4,1,4,4,5,5,5,5,5,2,2,2,3,2,4,5,5,2,3,2,5,1,4,5,5,5,5,4,4,1,179,823c2e71ab6cb3f09b3f,0
45344,5,4,4,2,4,4,4,4,2,5,4,3,4,4,4,3,5,2,3,5,1,5,3,4,5,5,2,4,4,5,3,5,5,3,4,5,4,4,4,5,1,5,2,5,129,7bff2f3ab5d899163b25,0
45469,2,4,5,4,4,4,4,2,3,5,4,2,5,4,4,2,4,2,2,5,4,4,4,2,4,4,5,5,4,5,5,5,5,5,4,2,4,5,3,4,2,4,4,2,169,e52a7d6f94954bd939e1,0
45543,1,4,1,5,3,3,3,5,1,5,3,1,2,4,4,1,4,5,5,4,5,5,5,2,2,3,5,1,5,3,5,4,2,1,4,1,4,1,5,3,4,3,5,1,179,97404705cf99a9ef055a,0
45608,4,5,3,2,5,2,1,4,4,4,4,3,3,4,4,5,1,3,1,4,2,1,4,5,5,5,4,4,2,1,2,1,5,5,2,4,5,4,2,2,4,1,4,1,110,4f90f2d54e794b60e10d,0
45659,2,4,5,3,4,4,2,4,1,2,2,4,5,2,5,2,4,4,5,5,4,5,5,2,5,2,2,2,5,3,5,5,5,2,5,2,2,1,4,3,2,5,4,1,241,613db04eb0d890bf7c2a,0
45818,3,4,4,5,5,4,4,4,2,5,4,1,3,3,4,3,4,3,5,5,5,5,5,3,3,2,4,2,4,5,5,4,3,5,5,4,2,3,4,5,1,4,5,5,103,9b3fe3b309fafe749bea,0
45869,5,4,3,4,4,1,3,4,2,4,4,2,1,2,4,4,3,5,4,5,1,4,5,3,4,2,2,1,4,5,3,3,2,2,,4,3,2,4,5,3,4,5,5,367,be0cdbecdc1619d64b04,1
45931,2,2,5,2,4,5,5,4,5,5,1,1,5,2,5,1,4,5,1,2,5,5,4,5,4,2,1,4,1,2,4,5,5,5,4,2,2,3,4,5,4,4,4,4,144,2828b3bd9237c1263585,0
45934,2,1,4,2,4,5,5,4,5,5,1,1,4,2,4,1,4,5,1,2,4,5,4,5,4,2,2,4,1,2,4,5,5,5,3,2,2,4,4,5,4,3,4,4,220,2828b3bd9237c1263585,1
45955,3,4,5,4,3,2,4,3,,,,,5,4,5,3,4,3,5,2,4,5,4,3,2,2,4,4,4,4,4,5,5,3,5,3,4,5,5,4,3,5,5,3,285,95ef33004953890f1a5b,1
45952,5,3,4,2,5,3,4,3,4,4,3,2,4,3,5,4,5,3,4,5,3,3,4,4,4,4,4,3,3,5,3,4,4,5,2,4,2,3,1,4,1,5,3,5,515,9d1238fb4a7d0571009b,0
45959,1,1,1,5,1,5,1,5,1,1,1,5,1,5,1,1,1,5,1,1,5,1,5,1,1,1,5,1,5,1,5,1,1,1,5,1,5,1,1,1,5,1,5,1,155,732515a5cce85f38e8d4,0
46005,4,5,5,3,4,5,4,2,2,2,3,1,3,4,4,2,2,2,5,4,4,3,4,2,4,1,2,4,3,4,4,3,4,2,3,2,1,2,4,3,4,3,4,4,209,f74aebef801de95afd1f,0
46020,4,3,4,2,2,4,3,4,4,3,4,4,3,4,2,4,3,3,2,4,4,4,4,2,2,3,3,4,4,3,4,3,3,4,4,3,4,4,4,4,2,4,4,3,218,9c314e8b26e97d8ef7fc,0
46048,5,1,4,1,3,2,5,2,4,5,4,1,5,1,4,5,5,1,2,5,3,5,2,5,3,2,1,3,1,3,4,5,3,4,4,5,1,4,4,4,2,5,2,4,478,10324ac35a7cd823b909,0
44137,4,4,5,1,4,2,4,2,4,5,3,1,5,4,4,5,3,1,3,4,2,1,1,3,3,5,5,5,2,4,2,5,5,4,2,4,4,5,2,4,3,3,1,3,289,0c63ac4781101af6c969,0
46118,5,4,2,2,4,2,2,2,1,5,3,4,2,5,5,3,3,2,5,3,1,1,5,4,4,2,4,3,5,1,1,3,4,1,3,2,4,3,5,4,1,2,4,2,282,7baeec6d9835259769bd,0
46141,4,4,3,2,4,2,3,4,2,5,4,2,4,1,5,4,4,2,3,5,1,4,4,3,4,4,4,4,3,4,3,3,4,4,2,4,4,3,4,4,2,4,3,3,446,65e4c993e7bc2f4a6c1c,0
46144,5,4,5,1,4,4,4,2,4,5,4,1,5,2,4,4,5,2,3,1,2,5,5,5,4,5,2,4,2,5,3,5,5,4,2,5,3,4,2,5,5,5,2,5,248,f3ab8f28e3b98d689684,0
46185,2,3,5,5,5,4,4,3,2,5,2,1,5,3,5,3,4,3,4,5,4,4,5,5,5,3,4,5,2,5,5,5,5,5,3,2,1,3,4,5,1,4,4,5,336,f0beae9f1498e7973d1c,0
46201,2,3,4,2,4,5,4,2,3,4,2,1,4,4,4,2,3,3,4,3,4,4,3,4,3,4,3,2,4,4,4,4,4,4,4,2,3,4,2,3,2,3,4,4,193,619f5b29e8ea4ab5d33d,0
46223,4,4,5,1,4,2,4,1,5,4,4,1,5,1,2,5,5,1,1,4,2,5,1,5,2,4,2,4,4,5,4,5,4,5,2,5,2,4,1,4,2,5,2,4,7521,7959f5dd31b9989f4bff,0
46285,4,4,3,4,5,3,4,4,2,5,4,3,4,4,5,5,5,5,5,5,4,2,4,3,5,3,5,3,4,5,4,2,4,2,4,4,4,2,4,5,1,4,4,5,107,ec0bd023ba02da2b3a7e,0
46391,5,2,4,1,4,2,5,2,4,5,5,3,5,5,5,5,5,1,2,5,2,5,2,4,4,3,1,3,2,5,1,5,5,4,5,5,2,5,4,4,2,5,2,1,192,f9160154dc48e0ac2cd0,0
46506,4,3,5,1,4,4,5,3,4,5,4,2,5,3,4,2,5,3,1,3,4,5,2,5,4,2,3,4,1,2,3,4,5,4,4,2,4,3,1,4,5,3,4,2,153,0490be19397b4077a6d3,0
46505,4,4,4,2,4,3,4,4,3,4,4,3,4,4,3,4,3,1,2,3,2,4,3,3,4,4,3,3,4,4,3,5,4,3,5,5,3,5,4,4,3,4,4,3,322,0c464d019d1a35673d11,0
46538,5,2,5,4,3,2,4,1,1,5,4,1,5,5,4,5,4,1,5,5,4,4,1,1,4,4,3,5,5,5,5,5,5,4,1,5,1,4,5,5,5,5,4,5,254,940f1a2b2135f92733b9,0
46560,4,4,4,3,3,2,4,4,3,3,3,3,4,4,4,4,4,3,3,4,2,4,3,3,3,4,4,4,4,4,3,4,3,3,4,4,4,3,3,4,2,3,4,3,151,71715e9a12a7c3a55b09,0
46597,4,5,5,3,5,5,4,4,3,4,5,1,5,5,3,4,5,1,5,5,5,2,,3,3,2,2,5,4,4,4,5,2,4,5,4,3,3,4,5,1,3,4,4,344,d9b7a59b631503d03754,1
46658,5,5,5,2,3,3,5,4,4,5,5,1,5,5,5,5,4,2,4,3,3,5,4,3,3,3,2,5,4,4,4,5,4,5,5,5,1,4,4,4,4,4,4,3,175,9bd213171ad9f1baacc1,0
46747,3,2,4,2,3,2,3,3,4,5,4,1,5,3,3,2,4,4,2,3,1,5,3,5,2,4,4,4,4,4,3,4,3,2,3,4,2,2,3,3,2,5,5,3,374,1447e4fd7711959f427e,0
46786,4,1,4,1,4,1,5,3,4,4,5,1,4,2,3,5,5,4,3,2,1,4,3,4,2,2,2,3,2,3,1,5,4,3,3,5,2,4,4,4,3,4,4,4,282,ec9faa3495ce8034a960,0
46798,4,3,5,2,3,4,3,2,4,4,3,2,5,4,4,2,3,3,3,2,3,3,3,4,3,4,3,4,4,2,3,4,4,4,4,3,2,4,3,3,4,3,3,2,161,7ce6723c224cb86c4e89,0
46864,4,2,4,1,4,2,5,2,4,4,2,1,5,4,4,2,4,4,1,3,5,4,4,5,4,4,4,3,2,1,1,5,4,4,4,4,2,2,1,4,5,4,4,2,539,4a18594bc9344a26ef46,0
44188,4,4,5,4,4,5,4,2,2,5,4,1,5,4,5,4,4,2,2,5,2,4,2,2,4,3,4,5,3,4,4,4,5,3,4,2,4,5,3,4,2,4,3,2,170,e52a7d6f94954bd939e1,1
46921,1,1,2,5,4,5,4,3,4,5,3,1,4,4,4,2,4,4,3,4,5,4,4,4,4,2,4,2,4,5,5,5,5,3,4,2,1,3,4,4,2,2,4,4,256,ce023875c14740925c71,0
46928,3,3,4,3,4,5,5,5,4,5,2,1,4,5,4,4,5,5,4,5,5,5,4,5,4,2,4,3,2,3,4,4,4,4,4,2,4,5,4,5,4,4,4,4,324,a836525dde753c13fe2e,0
46934,2,5,4,4,4,4,5,3,5,4,3,1,5,3,4,2,4,3,3,2,5,4,2,5,4,2,4,5,2,4,5,5,5,5,3,1,2,3,4,5,4,3,4,1,208,b5afcf1271ae6a10d0af,0
47020,2,5,4,3,5,3,4,5,4,5,4,4,4,4,5,4,2,4,2,4,4,3,4,4,4,2,4,3,5,2,4,4,4,2,3,3,4,3,4,4,4,4,3,2,186,b4591be63ba0e9a44cfb,0
47034,5,3,4,2,5,2,3,3,5,5,3,3,4,5,4,4,,,,,4,4,4,4,4,4,4,4,4,4,4,4,4,4,4,4,4,4,4,4,4,4,4,4,140,6f89f1d321081ba52375,1
47038,4,4,4,1,3,3,3,2,3,2,3,2,5,4,1,4,2,1,1,2,2,3,4,4,2,2,2,5,2,2,4,4,5,4,4,4,2,5,4,2,3,4,4,1,348,6c819a785cddc19cbe97,0
47073,5,4,4,2,3,2,4,4,3,5,4,2,5,4,4,5,3,1,4,4,2,4,3,3,4,3,1,4,3,3,2,5,5,3,4,5,2,4,3,4,3,4,3,2,315,3ffc80ff8470b754b348,0
47241,4,2,4,1,2,2,5,4,5,5,3,1,5,4,5,5,4,3,4,2,4,5,4,5,2,1,5,4,1,2,4,5,5,5,3,5,1,5,4,4,5,5,4,3,384,38c31b7c30f75d95927e,0
47262,3,4,2,1,4,4,5,4,1,5,4,1,5,4,4,3,5,4,4,4,3,5,4,4,3,1,1,4,3,5,4,5,2,3,3,3,1,5,5,4,2,5,4,3,441,76338d31d606c36466be,0
47282,5,3,4,1,2,3,4,4,5,4,5,1,5,2,2,5,5,4,2,4,1,5,4,4,1,4,3,4,2,2,1,5,4,4,4,5,1,4,3,3,4,4,4,1,378,2e14bf867f2c26e1c388,0
47319,4,4,4,1,4,4,4,5,5,5,5,4,5,4,4,3,4,5,3,4,3,4,5,4,3,3,3,2,3,4,4,5,5,5,5,4,3,4,3,4,1,4,5,4,136,50bd04c6bf770012c5f3,0
44316,2,4,4,3,5,4,4,5,2,5,3,5,5,4,5,3,4,1,2,5,5,2,5,4,4,3,4,5,4,1,3,4,5,5,5,4,4,5,2,4,1,5,5,4,149,6df88f2bdb34e1becd45,0
44321,2,1,5,4,5,5,4,5,5,5,2,1,5,1,5,4,5,4,1,5,5,5,5,5,5,4,5,5,4,5,5,5,5,5,4,2,5,5,1,5,1,5,2,5,158,dee06caf1035e0930ded,0
47408,3,4,4,4,4,5,4,4,1,5,2,1,5,5,5,2,,,,,,,,,,,,,,,,,4,4,5,3,1,2,4,4,2,4,3,3,184,8b49bb7d4af14a1f91ad,1
44457,4,5,4,4,4,3,4,4,2,5,3,3,4,5,4,3,4,5,4,5,3,4,5,2,5,4,4,2,5,4,4,5,5,3,4,4,4,3,4,5,3,4,5,4,135,b277bbd6ffd46adfb054,0
47433,4,3,4,3,4,4,4,3,3,4,3,2,3,3,3,3,4,3,2,3,4,4,3,3,3,3,3,3,4,4,4,4,4,3,3,3,3,4,4,3,2,3,4,3,72926,e47e920379a64b89280c,0
47434,4,2,4,4,4,4,2,3,4,4,4,2,4,4,4,3,4,4,3,4,4,5,3,4,4,4,2,4,4,5,5,5,4,4,4,4,4,5,5,5,5,4,4,4,115,e47e920379a64b89280c,1
44515,4,2,4,2,5,4,1,2,5,5,4,1,5,4,5,4,4,3,4,5,4,2,2,4,5,4,2,5,4,5,2,5,4,5,4,4,1,5,2,5,1,5,2,5,248,c3dcc7948f40ab9b511c,0
47437,3,4,5,4,3,3,5,2,5,5,3,1,5,1,5,3,5,2,5,5,5,5,1,1,4,1,4,5,5,3,4,5,5,5,1,2,3,2,3,4,1,2,1,4,500,e97080661674ccbdbb05,0
47442,4,4,4,3,4,2,3,4,3,5,3,4,3,4,4,4,2,5,4,5,3,4,4,3,4,5,4,3,5,5,4,4,3,3,3,4,4,3,3,4,1,3,4,4,120,ba0c8f3877347246a827,0
47457,1,3,2,4,3,5,4,2,5,4,1,1,4,5,3,1,4,2,3,3,5,4,5,4,4,1,3,4,4,4,5,5,3,5,4,2,1,3,5,3,1,3,4,2,142,c4807932f4c48d082f82,0
44692,4,2,4,3,4,5,5,4,5,4,3,1,5,4,5,3,5,4,5,5,5,5,3,3,4,5,4,3,3,4,5,5,4,5,2,2,3,4,5,2,1,4,3,4,135,7b2c4bce0c1ca3485fbf,0
44870,1,2,,5,5,3,4,1,5,5,4,1,5,2,5,4,4,1,2,5,4,4,1,5,5,5,4,5,3,5,4,5,5,5,1,3,1,4,2,5,2,5,1,4,285,08a373bc7a4661343e05,1
47520,4,2,3,3,5,4,5,2,2,5,2,1,4,4,5,5,5,4,4,5,4,5,4,3,5,4,2,3,4,5,4,5,3,4,2,3,1,2,2,5,1,5,4,5,196,f482d20cb3de7daa0b56,0
47559,2,4,3,1,3,5,4,2,4,5,3,1,4,4,3,3,5,5,4,4,5,5,4,5,4,4,4,3,2,2,5,5,5,4,4,3,4,5,5,3,5,4,4,1,88,7a959aeeab911b215544,0
47577,3,4,5,5,3,3,3,3,4,4,2,1,5,5,5,2,3,4,5,2,4,4,5,5,5,5,5,5,4,2,3,3,2,4,3,3,3,2,3,2,3,4,5,5,103,95ef33004953890f1a5b,1
47581,4,2,4,1,5,3,4,3,4,4,5,3,5,2,3,4,3,2,4,5,2,4,3,4,4,4,3,4,3,3,2,4,4,5,3,5,3,4,2,3,3,5,4,2,148,f85c211e490f2a726f51,0
45111,4,2,4,4,4,3,4,4,5,5,4,1,3,4,4,4,4,4,3,4,2,2,5,5,4,4,4,2,2,2,4,4,2,5,2,4,2,2,2,5,2,4,4,4,81,3dacd133aaae60168be4,0
45146,4,2,2,2,5,3,4,4,4,4,4,1,2,3,3,4,5,5,2,4,3,4,4,5,4,2,2,3,2,4,4,4,2,4,4,4,3,2,2,4,4,4,4,3,121,6cd19aadb1ccd6b976ba,0
47599,5,4,4,3,5,1,4,3,1,5,4,4,4,4,4,4,2,2,5,4,2,5,5,2,4,5,4,3,4,4,4,4,3,1,4,4,3,3,4,4,2,3,4,3,256,16c121bac9c25dbdac19,0
47608,4,2,5,1,4,4,3,1,4,4,3,1,5,3,3,4,4,1,3,3,4,3,2,4,3,3,2,4,2,4,3,4,4,3,4,4,1,4,2,3,1,3,2,4,144,3c87c8e391c6ea67d1ec,0
47626,5,4,5,1,5,1,4,4,4,5,5,3,4,2,3,5,4,4,3,,1,4,3,4,4,5,2,3,4,5,1,3,4,4,3,5,3,4,2,5,1,5,5,5,206,c6f3110e1f18692c81dd,1
45274,5,2,5,4,4,4,5,4,2,4,4,1,5,4,4,3,3,4,5,5,2,2,3,2,4,2,4,4,4,4,4,4,4,2,4,4,4,3,4,4,2,4,4,4,156,120e4a2a0e98a7acf11e,0
45382,4,5,4,3,2,3,3,4,1,5,4,4,4,5,4,2,4,5,4,4,4,2,5,1,2,5,4,2,5,5,4,3,4,2,4,3,4,4,5,4,3,3,5,3,159,02b7cd04f82faf541e89,0
45416,2,3,4,4,3,5,4,2,3,5,1,1,5,3,3,3,5,3,4,4,5,4,3,4,4,2,4,4,3,5,5,4,4,5,5,1,2,3,3,4,1,3,3,5,149,7d62807f2c92a892bcf4,0
47656,5,2,5,1,4,2,4,4,3,5,5,1,4,2,4,4,5,2,4,5,1,4,2,4,4,4,1,4,2,4,2,5,4,4,3,5,1,4,2,4,2,4,2,4,1084,fb8e7122e174a8dfed8b,0
47686,5,3,3,2,4,2,5,4,4,5,3,3,4,1,5,3,5,4,1,5,4,4,4,5,5,4,2,5,1,4,2,5,5,5,5,2,2,2,1,4,4,1,4,4,175,5731aff2fd175d921427,0
47728,4,4,4,4,4,4,4,4,3,3,3,3,3,3,3,2,2,3,3,3,3,3,3,3,3,3,3,3,3,3,3,3,3,3,3,3,3,3,3,3,3,3,3,3,1147,3c87c8e391c6ea67d1ec,1
47738,2,4,4,4,2,4,4,4,4,3,2,2,4,4,4,2,4,4,4,4,4,4,4,2,4,4,4,4,4,4,4,4,4,4,2,3,4,4,4,4,2,4,4,2,134,73958537fad995ec0821,0
47770,5,4,4,3,2,2,4,4,2,3,5,2,4,4,3,5,5,4,5,4,2,5,4,1,2,2,4,2,4,3,3,4,2,2,3,4,3,4,4,4,4,4,5,3,550,a257d9a66b602b7c3cb1,0
47793,2,3,3,4,5,5,4,4,4,5,4,2,3,4,3,3,4,4,3,5,5,5,4,2,4,2,4,3,3,4,5,4,4,4,2,2,4,2,3,3,5,4,4,5,880,f84c89d9dda7721e110b,0
47798,5,5,5,1,4,3,3,3,3,5,4,1,3,4,5,5,2,4,4,5,3,3,3,2,4,5,5,2,4,5,5,2,5,4,3,3,4,3,2,5,1,1,3,5,460,af65750cae48f1d84403,0
47859,1,4,5,4,4,5,4,1,2,5,2,1,5,4,4,2,1,1,4,4,5,1,5,5,4,1,5,4,4,2,4,5,5,4,4,1,3,4,4,5,4,4,5,4,164,8b434564c6bac95ca836,0
47865,3,3,3,3,2,2,3,4,3,3,3,3,4,4,4,4,3,3,3,2,2,3,2,3,2,3,1,3,1,2,3,4,3,2,3,2,1,2,2,1,1,2,3,4,69,38e897e60438ea5f5678,0
46069,2,4,4,5,4,5,5,5,3,5,3,3,4,3,4,3,5,5,5,5,5,4,5,2,4,4,4,4,5,5,5,4,4,3,1,2,4,3,4,5,5,2,4,5,187,d8ac0c8e7be22ebafdde,0
46089,5,1,5,3,5,1,5,3,1,4,4,1,5,5,5,4,5,3,5,5,1,5,1,4,4,5,1,3,5,4,1,5,5,2,4,5,1,4,4,5,1,5,3,1,329,54c371289a0c4ab52fd9,0
47885,4,5,3,3,2,3,3,4,3,3,3,4,4,4,3,2,2,4,5,5,4,3,5,3,3,4,5,3,4,4,4,3,3,4,3,3,5,3,4,3,2,3,4,2,191,77780a28b6fb82a8fc3f,0
46172,2,4,4,3,4,4,4,3,3,4,2,3,2,3,4,2,4,3,4,3,4,4,4,4,3,3,4,3,3,2,4,4,4,4,4,3,3,4,3,3,2,4,2,4,99,9c104405c89780990dd9,0
46371,3,4,3,1,1,3,2,1,2,4,2,3,2,3,4,1,3,1,3,4,5,5,4,3,3,3,4,3,4,3,5,4,4,1,3,3,4,3,5,3,1,5,4,1,130,6199b0c00cacc39b35d6,0
46630,5,4,2,2,5,1,5,4,4,5,5,1,2,3,4,5,5,5,4,5,1,5,4,1,5,3,4,,4,5,2,4,2,4,1,5,4,1,1,5,1,5,5,5,795,3addee74ee75a02c0d58,1
46648,4,4,4,4,4,3,4,4,1,5,5,5,3,5,3,5,5,5,5,5,5,5,5,1,3,4,4,3,5,5,5,4,4,4,5,3,4,3,5,5,1,4,5,5,196,6a7a423fb8dd11cd9131,0
48025,3,4,4,2,4,4,5,3,2,4,4,1,5,4,3,4,4,3,4,4,3,5,5,4,4,3,4,3,4,5,4,5,3,3,4,5,4,4,5,5,3,3,4,5,270,3f8ff09bc5d59f3f0a66,0
46989,3,5,4,3,5,5,3,2,4,5,2,3,5,4,4,4,3,4,5,4,4,4,5,5,3,2,2,4,4,3,3,5,5,5,5,1,3,5,3,3,3,5,4,4,102,21fe0fc144a3d32b56ee,0
47003,3,4,4,1,3,4,4,1,4,5,4,2,5,4,3,3,2,1,2,2,3,4,1,5,4,2,4,4,2,4,4,5,5,4,2,3,1,5,3,2,4,4,1,3,146,097eafeb905c9e72b399,0
47225,2,4,4,4,5,4,5,4,3,5,2,4,4,4,5,4,4,5,4,5,3,4,2,4,4,3,4,3,4,3,4,5,4,5,2,3,4,3,3,5,3,4,2,4,157,9c09edd718ee566bee24,0
48091,4,4,2,4,4,3,5,4,1,4,2,1,4,4,5,3,5,5,4,4,4,5,4,2,3,1,2,2,5,5,5,5,4,4,2,2,1,5,5,4,2,4,4,3,150,bc35df4e9738555363d8,0
48102,3,2,3,1,4,2,4,2,2,5,4,2,4,2,5,4,4,4,3,5,4,4,2,4,5,4,4,4,3,4,2,4,4,4,2,4,1,4,1,4,4,4,4,3,420,0e599eb9fc0edbe03771,0
48111,2,1,5,3,3,5,5,1,4,5,5,1,5,3,4,3,5,2,1,5,5,5,3,3,4,1,1,4,4,4,5,5,5,4,1,3,2,4,4,5,1,3,3,5,243,dfdc83350e007381789a,0
48118,3,5,5,2,3,5,2,4,4,5,3,4,5,4,5,2,3,5,2,4,5,4,4,3,3,4,5,5,4,4,5,2,5,5,2,2,4,5,4,5,2,1,5,4,186,da34a42ba27c954ea021,0
48122,4,4,4,5,3,4,5,5,1,5,3,4,4,5,4,4,5,5,5,5,4,4,5,1,2,3,3,4,4,5,4,4,,,,,4,2,5,5,4,5,4,5,788,bc6808a863943b9ce373,1
48131,5,5,5,2,3,1,5,1,2,5,4,2,5,5,5,5,2,1,4,3,1,4,2,4,2,4,3,4,5,3,1,3,4,3,3,5,2,3,3,3,4,4,1,2,281,01abcca503fc5973162d,0
47526,5,5,5,2,5,4,4,3,5,5,5,2,5,4,5,5,2,1,3,5,2,2,1,5,5,5,4,4,4,5,4,3,5,4,5,5,4,4,2,5,2,2,1,5,107,9df4db790b05a12394e1,0
47539,5,4,4,2,4,2,3,4,1,4,3,3,4,4,4,4,3,4,4,5,2,4,4,2,4,4,2,3,3,5,4,5,3,2,2,5,2,4,4,4,1,4,5,2,180,05974ef9ffe1ab7d89c7,0
48206,2,4,2,2,4,3,5,3,1,5,2,3,4,5,4,2,4,5,5,5,4,4,4,2,2,3,4,4,4,4,4,4,2,2,2,3,2,2,4,3,4,4,5,4,164,46c282afc5e21f31165a,0
47661,4,4,2,5,5,3,4,4,1,5,2,3,1,4,5,3,4,5,5,5,2,4,5,2,4,3,2,1,4,5,3,3,2,2,2,4,3,1,3,5,1,1,4,5,115,0d0f9f128dca47265e0f,0
47704,5,2,4,1,2,4,4,2,1,4,5,1,5,5,3,4,4,2,5,5,4,4,4,4,2,2,2,4,4,4,5,3,4,1,1,4,2,4,5,5,3,5,5,5,294,b1de84638a17e3573595,0
48290,2,3,4,1,3,3,4,4,3,4,2,1,4,3,4,3,4,3,2,4,3,4,4,4,4,3,2,3,3,3,4,4,4,4,3,3,2,3,2,4,3,4,3,2,430,4a0acf5de6aaf1270256,0
48307,5,4,5,2,3,4,4,4,4,5,5,2,5,3,4,5,5,2,2,,2,4,2,3,2,4,4,5,2,5,2,4,5,5,5,5,4,4,4,5,1,4,2,5,234,988054a86b9b747f692a,1
47761,5,2,3,2,3,1,4,1,1,5,5,1,5,1,4,4,5,3,1,5,4,3,3,4,3,3,1,5,1,3,1,5,4,5,5,5,1,5,3,4,4,5,4,4,942,98399be6d4c6b2488302,0
48310,1,3,5,4,5,5,5,3,5,5,3,1,5,1,5,2,5,4,4,5,5,5,3,5,5,4,4,5,4,5,5,5,5,5,2,4,1,5,2,5,1,4,4,4,494,c9da885f12bd13477d87,0
47809,4,5,1,4,1,2,4,5,2,4,4,1,1,1,4,2,4,4,5,5,4,4,5,5,4,2,4,5,4,5,2,5,1,3,5,4,4,2,3,4,3,4,4,4,188,1424628a69bc113e3e5c,0
48353,3,2,1,5,1,5,3,4,1,5,1,1,2,5,5,1,3,5,5,4,5,3,5,2,2,1,5,2,5,5,5,3,2,5,4,2,4,1,4,5,4,3,5,4,391,d8879e39afab5b6c8ae2,0
48357,3,4,5,4,5,4,4,2,3,4,2,2,5,5,5,3,4,2,4,4,4,2,2,3,4,2,4,4,5,4,4,4,4,3,3,3,2,4,4,4,4,4,2,2,249,c423cadf2d21dbc456e8,0
47838,4,4,5,3,5,4,5,4,4,5,5,4,5,5,5,5,5,4,4,5,5,5,4,4,5,4,4,5,4,5,5,5,5,4,3,5,4,5,4,4,1,5,5,5,311,5d23d37f388e1ca86341,0
48413,1,4,4,4,2,5,3,4,2,5,3,1,4,5,3,2,4,5,5,3,5,2,4,2,3,2,4,4,4,4,5,3,4,2,4,2,2,4,5,3,2,3,3,4,112,1223c6ddff0d14ef2cf2,0
47941,3,4,3,4,3,4,4,4,2,4,3,4,3,4,4,4,4,4,4,3,4,4,5,1,2,2,2,3,4,4,5,4,2,2,2,4,2,2,5,4,2,5,5,2,129,6a1a20ca0d1601f0e251,0
48483,3,4,5,4,2,4,5,1,2,5,1,1,5,5,5,2,4,1,5,5,5,4,5,3,2,2,1,2,4,3,3,5,4,4,5,2,1,5,5,4,1,4,4,4,334,78f8ba8408eff9e685ed,0
48500,2,4,5,5,3,4,4,3,4,4,2,3,5,2,3,2,5,3,5,4,5,2,3,1,2,3,1,2,4,4,5,5,5,4,5,2,2,5,5,3,4,2,1,4,371,2f01d785a9e268b88cf7,0
47961,5,4,4,5,5,3,4,4,4,5,4,4,3,4,5,5,2,5,4,5,1,4,3,2,4,4,4,3,4,5,3,2,4,5,4,5,5,2,1,4,1,2,4,5,163,df7214fdbeb59947d157,0
48521,1,2,4,2,2,5,4,2,2,5,2,1,4,2,4,2,3,2,4,3,5,4,2,4,3,1,4,4,2,4,1,4,4,3,4,1,2,4,2,5,2,4,2,1,392,e3b11aa94f6b347e7d8e,0
48522,4,2,3,2,5,2,4,5,3,5,4,3,5,4,4,5,5,3,4,5,2,5,3,3,4,3,2,4,4,5,2,4,3,5,3,5,3,3,4,5,5,4,3,4,412,06f56102c3af208b1755,0
48543,3,2,3,2,4,4,5,4,2,4,3,1,4,3,5,3,4,3,4,4,5,4,4,4,3,3,4,4,2,3,4,5,4,4,4,3,2,3,5,4,5,4,4,4,183,d26b5bb0af69c695a964,0
48584,4,3,4,3,3,2,3,3,3,5,4,3,4,3,3,4,3,2,4,3,2,3,2,2,3,3,3,3,3,3,2,4,5,3,3,5,3,4,4,3,3,4,3,3,106,3ffc80ff8470b754b348,1
48605,3,4,5,1,4,4,5,3,5,4,4,3,5,4,5,5,2,4,3,4,2,4,3,5,4,5,5,5,2,2,1,3,4,5,3,2,4,5,2,4,2,2,2,2,154,cdd012ecf7fcdd30f2d1,0
48625,1,2,5,2,5,5,2,2,5,5,5,4,5,4,5,1,1,2,1,4,4,2,1,4,4,4,5,5,3,2,4,2,4,4,1,3,4,4,2,5,3,4,1,3,147,d36cf1721ba412df4ea7,0
48082,3,4,2,4,4,4,4,4,4,5,2,2,2,2,4,2,5,4,3,3,3,4,4,3,4,2,4,2,4,4,4,3,4,4,2,4,4,4,2,4,2,4,4,3,167,e8123efb1dfe08db5452,0
48637,5,3,2,3,4,1,5,5,4,5,3,1,3,4,5,4,5,4,4,5,4,4,4,5,3,2,1,3,4,5,5,5,3,3,3,4,2,4,3,5,1,5,5,5,246,0d2f869bee2d1ff174f2,0
48721,2,2,5,1,4,2,4,4,5,4,4,1,5,2,2,4,5,4,2,5,4,4,4,5,2,2,4,2,1,2,4,4,2,5,4,4,4,4,2,4,4,4,4,4,158,9025b8ec8c94939ee4e9,0
48748,5,1,4,2,5,4,4,3,1,5,4,1,4,4,4,5,5,3,5,5,4,4,4,1,5,5,5,4,4,5,4,5,2,2,1,5,3,4,5,5,1,5,4,5,211,72e0537308c0c35f7d44,0
48796,2,,,,3,,,,2,,,,4,,,,1,,,,4,,,,3,,,,2,,,,4,,,,5,,,,2,,,,130,904eaa083ace8b16a416,1
48816,4,2,3,3,2,4,3,4,4,3,3,3,4,4,4,4,2,3,4,4,4,5,4,2,2,3,3,4,3,4,4,4,3,3,3,4,3,2,2,3,4,4,4,4,385,c909d09f65c211a4a751,0
48845,5,3,5,1,4,1,3,3,4,5,5,3,4,3,4,5,4,3,3,4,1,4,3,4,4,4,3,4,3,5,1,,4,4,4,5,3,4,2,3,1,5,4,5,193,c6f3110e1f18692c81dd,1
48857,1,4,3,5,4,5,4,4,1,5,1,2,3,5,4,1,4,5,5,3,5,2,3,2,4,2,3,5,5,1,5,4,4,3,1,1,2,4,5,4,4,3,4,5,173,e969067a043763aee1c7,0
48863,4,1,4,4,3,4,4,4,2,2,2,2,4,4,4,4,4,4,4,4,4,4,4,2,2,4,4,4,4,4,4,4,4,4,4,2,4,2,4,4,4,4,4,2,336,104730a967f75a108818,0
48317,3,2,4,1,2,4,4,4,5,4,2,1,4,2,2,4,5,4,2,3,4,4,4,5,2,2,3,4,1,3,3,5,4,5,4,3,1,4,2,4,4,4,4,1,129,1f1c2997e048e02305bb,0
48936,3,5,3,4,3,3,2,4,4,4,3,1,4,4,5,1,4,5,3,4,3,5,5,3,4,1,4,3,5,5,4,3,2,4,1,2,2,4,4,4,1,5,5,5,283,e4f1c911b1f724f93fd2,0
48937,5,4,5,2,4,4,3,2,2,5,5,2,5,4,4,4,4,1,4,4,2,4,4,3,4,4,2,3,4,5,4,4,4,3,4,4,4,5,4,4,2,4,4,2,126,94e3381d8af03f5822da,0
48447,3,3,4,1,4,4,5,3,5,4,4,1,5,3,4,4,3,4,3,3,3,4,2,5,3,4,4,4,2,4,4,4,4,4,2,3,2,3,1,3,3,4,1,4,226,c8c03f67cf0e034ad7de,0
48971,4,4,4,2,3,2,4,3,4,4,4,4,4,3,4,4,4,2,3,2,2,4,4,4,3,4,4,3,4,4,2,3,4,4,4,4,3,4,3,4,4,4,4,4,278,83c7b6e4890796220fec,0
49023,3,2,4,2,2,4,5,2,4,5,4,2,5,5,4,3,5,3,5,4,4,3,3,5,3,5,2,5,4,4,5,5,5,4,4,4,2,5,4,4,3,4,5,4,189,976bf4e43dea07dba54e,0
49068,1,5,5,5,5,5,5,2,5,5,3,2,5,5,3,1,1,2,4,2,3,3,3,2,4,2,2,4,4,2,3,3,2,2,3,3,2,4,4,3,2,5,2,2,127,e998d050d7ff1e55d8c7,0
49071,5,4,3,1,3,4,5,1,4,4,5,1,4,4,3,3,5,4,4,3,2,4,5,3,2,3,4,3,4,3,4,4,4,3,4,5,4,5,5,3,1,3,3,3,168,b8a8633ee0bc3340a187,0
49072,5,4,4,1,3,4,5,2,4,4,4,1,5,5,2,3,5,4,4,3,3,5,5,3,3,3,4,4,4,3,3,4,4,3,3,4,4,4,4,3,3,3,3,3,143,b8a8633ee0bc3340a187,1
49098,5,5,4,4,5,4,5,4,5,5,5,4,5,4,5,5,5,4,4,5,4,5,4,4,5,5,4,5,4,5,4,5,5,5,4,5,4,5,4,5,2,5,4,5,362,415abb83657090192d8f,0
49110,3,5,2,4,2,4,4,5,2,5,4,3,3,4,4,3,5,5,5,5,5,5,5,3,3,3,4,4,4,4,3,4,2,2,3,4,2,3,5,5,5,2,5,3,344,f366393536c5c415130d,0
49122,2,3,3,3,3,5,4,4,4,5,3,1,3,4,3,3,3,3,3,5,5,5,3,3,3,3,5,3,3,5,5,3,3,4,3,3,3,3,3,4,2,3,3,3,286,cfd0811d7c1a781f549f,0
48563,5,4,4,4,5,4,3,4,2,5,4,3,4,4,5,5,5,5,5,5,2,4,4,4,5,5,4,3,4,5,5,5,5,5,5,2,4,3,5,5,4,5,4,3,91,4a5e427ea948c98edfe1,0
49166,2,3,4,2,5,5,3,3,4,4,2,2,4,2,5,2,4,4,4,5,5,4,4,4,4,4,4,4,4,5,5,3,4,4,4,1,2,4,2,5,1,2,4,5,463,8350ebc48b5880290c7a,0
48722,5,2,4,1,4,2,4,4,4,5,5,4,3,2,5,5,3,4,3,5,2,4,4,5,5,4,2,4,2,4,1,5,1,5,1,4,1,3,1,5,2,3,3,3,883,e319b8c2a189d5c81cfe,0
49278,5,3,3,2,3,2,4,2,4,4,3,3,3,3,3,3,3,3,3,3,3,4,5,5,,,,,1,2,4,3,4,2,3,5,5,2,3,1,3,1,3,4,238,83c7b6e4890796220fec,1
49290,5,2,4,4,4,4,4,4,3,5,3,3,5,5,3,4,2,3,4,5,3,5,3,3,3,3,4,3,4,5,4,5,3,4,5,3,2,5,3,4,2,5,4,4,262,798c814b777fe8617a90,0
49322,5,3,5,3,4,2,3,1,4,5,4,3,5,4,5,4,2,1,1,4,3,4,1,4,4,5,2,3,3,4,4,3,4,5,5,5,5,5,2,3,3,3,2,4,251,22cde81d56df19eab24f,0
49334,4,2,4,1,5,2,5,3,4,5,4,1,5,2,4,4,4,3,2,4,2,4,3,5,4,3,2,4,1,4,3,5,4,4,3,4,2,5,3,4,2,4,3,3,238,181b40ae02319801d3e5,0
48868,2,1,1,5,4,4,2,5,1,5,2,2,1,5,4,2,2,5,5,5,4,4,5,1,4,1,4,1,4,5,5,4,1,1,2,2,4,1,5,4,1,4,5,5,164,9884c141fea2707ee59a,0
49369,5,3,3,4,4,4,4,4,4,4,5,2,5,3,2,5,5,3,5,5,3,5,4,3,1,4,1,5,1,5,4,5,3,3,2,5,3,5,4,4,1,5,4,4,313,664ba271aeddc4c05939,0
49387,4,3,3,4,4,3,4,3,4,4,4,3,5,3,3,4,3,3,3,5,3,5,3,3,4,3,3,4,5,5,4,4,3,4,3,5,3,3,3,5,5,4,3,4,143,06f56102c3af208b1755,1
49420,1,2,3,5,4,4,4,2,1,4,2,1,4,4,4,4,5,4,3,5,5,5,4,4,4,1,4,4,4,5,4,5,4,4,5,2,1,4,4,4,1,3,4,5,129,ba61ac4490b26c99399f,0
49442,5,3,4,1,4,4,4,3,3,5,5,3,4,4,3,4,4,3,4,3,2,4,3,4,4,4,3,4,3,3,3,4,5,4,5,5,3,4,3,4,2,4,2,3,146,d7c7b959f51c34e910c5,0
48888,4,4,3,4,4,3,3,2,2,5,3,1,5,5,4,4,5,4,5,5,3,5,5,2,4,1,1,5,5,5,3,5,3,4,5,4,3,1,5,5,1,4,4,5,216,e3b23b2a7ff3a34dff59,0
49461,4,2,4,1,4,1,5,3,3,4,5,3,5,3,3,4,5,3,3,5,2,3,2,5,3,3,3,5,3,4,1,4,4,5,3,5,3,4,1,4,2,3,3,3,983,9016a9254d39d8188f0a,0
49479,4,5,4,4,5,3,4,5,3,3,4,4,3,3,2,4,4,5,5,4,2,5,5,4,4,4,2,2,4,4,3,4,4,4,1,5,3,2,4,4,4,4,5,4,277,c4d3694f4351d2826a0f,0
49540,2,4,4,1,2,4,4,4,4,2,2,1,5,4,2,2,2,1,2,4,4,4,4,4,2,2,4,4,2,4,4,4,4,4,5,4,2,4,4,4,2,4,4,2,205,52978b473c01575b1f9a,0
49556,5,4,4,1,4,3,4,4,1,4,4,2,4,5,5,5,3,4,5,4,2,5,2,2,4,4,2,4,5,4,4,4,4,2,4,5,2,4,4,5,2,4,4,2,179,8aae59208b84d664059c,0
49574,4,4,4,4,3,2,4,3,3,3,4,3,4,4,4,4,3,3,2,4,3,3,4,4,4,3,4,3,4,4,4,4,3,2,3,4,4,3,3,4,4,3,3,3,96,71715e9a12a7c3a55b09,1
49615,5,5,5,1,4,2,5,5,4,5,5,5,2,4,4,4,4,2,4,4,4,4,4,2,2,2,4,2,5,5,2,5,5,4,5,5,4,2,4,5,1,5,5,3,339,87b7507c1894339859c4,0
49077,2,4,4,4,4,4,4,5,2,5,2,1,4,5,5,4,5,5,5,5,5,2,5,2,4,4,5,2,5,5,5,5,4,2,2,4,4,5,5,4,2,4,5,5,204,0c9688fbd2f466ed1b82,0
49668,4,4,4,1,4,3,3,2,3,3,2,2,5,4,4,3,1,2,4,4,3,3,4,4,3,4,4,3,3,4,2,3,4,5,4,4,3,4,4,3,2,3,4,4,245,8852d7aecb6429d222ee,0
49682,2,5,4,4,3,4,1,1,2,2,2,3,3,3,3,2,1,1,5,3,2,1,1,1,3,4,3,3,4,4,3,2,4,2,3,3,4,4,4,4,2,3,2,4,314,d7ed062541e96f469067,0
49698,5,2,5,4,4,1,5,1,3,4,4,1,5,3,5,5,5,1,5,4,1,5,2,2,3,3,1,5,3,5,4,5,5,2,5,5,1,5,5,5,4,5,2,2,62799,2c681e9c99c9904c0b78,0
49722,5,3,4,2,4,1,3,3,4,4,5,1,2,1,3,4,5,5,1,3,1,5,5,3,3,5,4,2,4,4,1,5,4,5,2,5,2,4,1,3,3,4,4,3,182,d06d97d61a4a050f5193,0
49725,2,4,5,1,2,1,3,3,5,5,3,1,5,5,5,3,5,2,5,4,5,5,5,5,3,3,5,4,4,5,5,4,5,5,3,1,2,5,5,5,1,3,3,5,539,f2cda9d884ec955d36c0,0
49742,5,3,3,2,3,1,3,4,4,4,5,1,3,2,3,5,5,5,1,3,1,5,4,2,3,5,4,2,4,3,1,5,4,5,2,5,2,4,1,3,3,4,5,3,120,f03c2238e2eb3c2f3078,0
49758,4,4,3,3,4,4,3,4,2,5,3,1,4,4,4,4,3,4,4,5,3,4,4,4,4,4,4,4,4,4,2,4,4,4,4,5,3,4,2,4,1,4,2,4,101,efaee9fd546bc51efca1,0
49777,3,4,4,2,1,3,5,4,4,4,4,1,5,5,4,4,4,4,4,2,4,2,4,5,1,3,2,4,1,3,5,5,3,2,5,4,1,5,5,4,4,5,2,3,191,8cad9fbe4cac0c92e4fc,0
49792,4,5,4,2,5,3,4,4,1,5,5,1,5,4,4,5,5,5,4,5,1,5,2,5,5,2,2,5,3,5,5,3,4,1,1,4,4,4,4,5,1,5,5,3,191,24f37ac3211fd0fd805c,0
49793,4,1,4,1,2,4,5,3,4,5,2,1,5,2,3,4,5,4,4,3,4,4,3,4,2,3,2,4,2,4,4,5,4,4,4,4,1,3,4,4,2,5,3,2,278,a64cf3dca8260ac947f0,0
49796,4,4,2,5,4,3,4,,1,5,4,4,2,4,4,4,1,4,5,5,2,5,5,2,4,2,4,4,4,5,4,4,1,2,2,4,1,4,5,3,4,4,5,5,302,2466136abd4a0c50812e,1
49797,5,4,4,4,5,4,5,4,3,5,4,2,5,4,4,5,3,3,5,5,2,5,3,3,5,4,2,,4,5,2,5,4,2,5,5,1,4,5,5,1,5,4,5,383,09e3fd02e7a9cac889c4,1
49812,4,4,4,1,5,4,4,4,4,5,4,3,4,3,3,2,4,2,2,4,2,4,4,3,4,4,2,3,4,4,4,4,4,3,3,5,2,2,2,4,1,5,4,4,163,1d731e46d93212b86ea4,0
49843,5,4,4,5,2,5,4,4,5,2,2,2,4,4,4,5,4,5,4,2,4,2,5,3,2,4,5,5,4,1,5,3,2,4,4,2,4,3,4,2,2,3,5,3,296,c116bf0f1020b5004122,0
49794,4,4,4,2,5,3,4,5,1,5,5,1,4,3,3,5,5,5,5,5,3,4,2,5,5,2,2,5,2,5,4,3,5,1,1,5,3,5,5,5,1,5,5,2,20940,24f37ac3211fd0fd805c,1
49932,3,3,4,1,4,3,4,3,3,5,5,2,4,3,3,4,5,4,3,3,3,4,3,3,3,4,2,4,3,2,3,4,4,3,3,4,2,4,4,4,4,4,4,2,162,fe660677cb31fdef752f,0
49955,4,4,4,2,5,4,4,4,1,5,5,1,4,4,3,5,,,,,4,4,4,5,5,2,4,5,3,5,4,3,5,4,1,4,3,4,3,5,5,5,5,3,101,b04a35e8877d150ba45d,1
50026,3,4,3,4,4,3,3,4,4,4,2,2,2,4,4,2,4,5,4,4,3,4,4,2,4,4,4,2,4,5,4,4,3,4,3,4,4,1,4,4,1,3,4,5,390,3a215dea283398142f6d,0
49338,5,2,5,1,5,4,3,2,4,5,4,1,5,1,5,5,4,2,3,3,2,5,4,5,5,4,3,5,1,5,4,5,4,5,2,4,1,4,2,4,4,3,2,4,207,192004e726653d859c55,0
49359,5,4,2,1,5,1,5,1,1,5,3,1,4,4,5,4,5,2,5,5,2,5,4,1,4,1,1,4,5,5,2,5,3,2,5,5,1,2,4,5,2,5,5,3,201,2b3c1312a6e500ced101,0
50066,2,4,4,4,5,5,5,4,4,5,4,4,4,4,5,5,5,4,5,5,5,5,5,2,5,3,2,4,5,5,5,5,4,5,2,2,2,2,5,4,1,5,4,5,397,733d43f77d74114c781f,0
50095,4,5,4,2,3,4,4,3,3,4,3,3,3,4,5,4,4,3,4,4,4,4,4,2,2,3,4,3,4,4,4,4,4,3,4,4,4,3,4,3,2,4,4,4,224,2292b446c31cccef0ea9,0
50110,2,4,5,2,2,5,3,4,2,5,1,4,5,5,4,1,3,5,5,5,5,4,3,3,4,4,5,5,3,1,4,1,4,5,4,1,4,3,4,2,4,1,5,3,265,88160b36bfbc65cc3409,0
50139,4,4,4,2,5,4,4,4,4,5,5,1,5,3,5,4,4,3,4,5,3,5,1,1,5,4,4,4,5,5,3,4,5,5,2,4,2,2,2,5,1,4,3,5,228,b3136ebc70885ecbbdee,0
50145,4,3,,4,4,4,3,4,4,2,3,4,4,3,4,4,5,4,4,5,5,5,4,4,5,4,4,5,5,4,5,5,5,5,5,3,4,5,5,2,1,4,4,4,534,b3136ebc70885ecbbdee,1
50150,5,3,4,2,4,2,3,4,3,4,5,3,4,4,3,5,3,2,4,4,3,3,4,2,4,3,4,3,4,4,2,3,4,3,4,4,2,3,4,4,4,4,4,4,429,7b61894e7ba09ce6ccfd,0
50152,5,5,5,1,5,5,5,1,5,5,5,1,5,5,5,5,5,5,5,,1,5,5,3,5,,1,5,5,5,1,5,5,5,5,5,1,3,5,5,1,5,5,5,291,c7e71c5c311935bc1d5c,1
50165,4,4,3,5,3,4,3,4,2,4,4,3,3,4,3,3,3,4,5,3,5,3,5,3,2,2,3,3,4,4,5,3,3,2,5,1,4,3,4,4,3,4,4,3,114,5f2c443c23d3fcc4942f,0
50185,4,2,5,4,4,4,5,4,2,5,2,1,5,4,5,4,5,1,4,5,4,5,4,3,5,3,5,5,5,5,5,5,5,4,1,4,4,5,4,5,1,5,4,5,270,d9f591bc674aa034e14b,0
49699,,,,,,,,,,,,,,,,,,,,,,,,,,,,,,,,,,,,,,,,,,,,,5,2c681e9c99c9904c0b78,1
49720,5,4,2,1,4,2,2,4,3,4,4,1,4,4,4,4,3,5,4,5,4,3,3,3,5,4,5,4,4,5,4,3,3,2,1,5,3,3,1,4,3,4,5,5,248,3c4eb2741929e0d81978,0
49772,2,4,4,2,1,3,5,5,4,4,4,1,4,5,4,4,4,3,4,4,5,2,4,4,1,3,3,4,1,3,5,5,3,2,5,4,2,5,5,4,4,5,2,3,193,8cad9fbe4cac0c92e4fc,1
50305,5,4,3,1,4,2,5,1,5,5,5,1,5,4,4,5,5,2,1,4,4,5,3,5,4,3,4,5,4,5,1,4,5,5,3,5,1,4,3,5,5,5,3,5,267,aab4745cc3ffa672b1ec,0
50308,4,3,4,5,4,3,4,3,2,4,2,1,4,3,3,4,5,3,5,5,5,5,3,2,3,2,3,3,4,4,5,5,3,3,2,3,2,3,4,3,1,4,4,4,665,6da02fe4b0fe7cb3fc2b,0
50056,2,3,4,3,4,4,4,4,4,5,4,3,4,3,3,4,5,3,2,4,5,4,2,3,3,4,4,4,4,3,3,4,4,4,2,3,3,4,3,4,3,3,3,3,311,d6fc4911bcfd94f9e150,0
50335,1,2,4,5,4,3,1,4,3,5,3,1,4,3,4,3,1,1,5,5,5,1,4,1,4,2,4,3,4,5,1,1,4,4,4,1,1,2,3,5,5,1,3,4,296,7ee87a4a1b53a6db5139,0
50129,3,4,3,2,5,4,4,4,2,4,3,1,4,4,4,4,3,3,4,4,4,4,4,3,4,2,4,3,3,5,4,5,3,2,4,3,4,5,4,4,1,4,4,5,122,1962245980088c72605c,0
50369,1,1,1,1,3,2,3,5,2,5,2,3,3,4,5,2,3,3,2,3,5,2,4,1,2,4,4,3,1,4,5,2,3,3,4,1,5,3,4,3,4,1,3,1,332,803dbf95d3d738ab2ea4,0
50397,4,4,4,4,5,4,2,5,1,5,3,5,4,5,5,3,3,5,4,5,5,2,5,1,4,2,4,2,5,5,4,5,5,3,4,3,3,3,4,5,1,2,5,5,261,10616067354c308a7110,0
50313,2,3,2,4,1,2,5,4,5,5,1,1,4,3,5,1,5,5,2,4,5,4,5,2,2,1,1,1,3,5,5,4,2,1,5,1,1,4,2,5,2,3,5,5,202,8c91df7f8ca32abe5b69,0
50470,5,2,5,1,4,1,5,1,2,5,3,1,5,3,3,3,5,2,2,3,1,5,1,3,2,4,1,3,3,3,3,5,3,5,2,5,3,4,1,3,2,3,3,2,261,24faf4f1e1e16df9b1d3,0
50518,1,4,4,4,2,5,2,2,2,5,1,3,4,5,5,1,1,4,5,5,5,4,2,5,3,4,5,4,4,4,5,2,5,4,5,2,5,4,5,5,2,4,1,5,127,4cb70fd884b9e094b9ad,0
50372,1,5,3,1,3,5,3,4,2,4,1,3,2,4,5,1,3,4,2,3,5,3,4,1,3,4,5,3,1,3,5,3,3,3,3,1,3,3,4,4,4,1,2,1,221,803dbf95d3d738ab2ea4,1
50569,4,5,4,1,4,2,4,2,5,5,4,3,4,1,4,5,2,2,1,4,1,2,2,5,3,5,4,4,2,5,1,4,4,4,2,5,5,4,1,4,4,3,4,5,206,606814ab7cfffae284b6,0
50586,5,1,4,1,5,2,1,4,5,5,3,1,5,4,5,4,5,5,1,5,1,5,4,5,5,4,2,3,2,5,4,4,4,4,3,5,3,2,1,5,1,5,5,5,178,273741f052800c0b5410,0
50578,2,3,4,3,5,5,4,3,4,5,2,2,4,4,5,3,5,5,4,5,,,,,4,3,3,4,4,5,4,4,2,4,1,3,3,3,2,5,1,5,4,5,19732,0af533d34cf7604179e4,1
50611,4,2,4,2,5,3,3,4,4,5,4,2,3,4,4,4,2,4,2,5,3,3,4,4,4,4,3,4,4,5,3,3,3,4,1,4,3,4,2,5,1,4,4,4,463,b3b99ee465189612b83d,0
50623,4,4,5,5,5,1,4,3,4,5,2,2,5,5,5,3,3,1,4,5,4,4,3,4,5,4,4,4,5,4,2,2,5,4,3,4,4,4,3,4,1,1,2,3,330,4704215574360401f3ed,0
50629,5,2,5,3,5,3,3,2,4,5,4,2,5,5,5,5,5,1,1,5,4,5,1,4,3,5,3,5,4,5,1,1,4,5,3,5,2,5,2,5,1,5,2,5,272,c1b5ae4d8258d5cd800a,0
50459,4,1,4,4,4,3,4,4,4,5,4,3,4,4,4,4,5,4,3,5,4,4,2,4,3,3,2,4,4,4,4,4,4,4,3,4,3,2,3,4,5,4,5,3,472,e804f5728b1ce9771a78,0
50657,4,4,4,2,4,3,4,3,5,5,5,1,5,1,5,5,2,2,1,5,4,5,1,5,5,5,3,5,1,5,2,4,4,4,1,3,4,4,2,5,2,4,3,3,473,b15cb43fc6ef5bb824af,0
50698,5,4,4,4,4,3,5,5,2,5,4,2,4,5,5,4,4,5,5,5,3,3,5,3,4,5,3,2,4,4,3,4,3,3,5,3,3,2,5,4,2,4,5,4,162,e0028177724170c5b6c7,0
50700,2,4,5,5,4,5,5,2,2,4,1,1,4,5,3,1,5,5,5,2,5,4,3,1,2,2,1,4,5,4,5,5,2,4,1,2,1,4,5,4,4,5,5,3,330,582d0ffe9f16e3b1ad3f,0
50721,5,4,2,2,4,3,4,5,4,5,4,4,4,5,5,4,2,1,2,4,4,2,5,2,4,4,5,,5,4,4,2,4,2,1,4,5,2,5,4,5,4,5,3,307,c8256155918442ae52cb,1
50543,2,4,5,5,4,5,4,1,1,5,1,3,5,5,4,2,4,1,5,4,5,5,3,2,4,4,2,5,4,4,5,5,5,4,2,1,1,4,4,4,2,4,1,2,229,bd815e1ebab527f36140,0
50752,3,1,5,5,3,4,4,1,5,5,3,1,5,1,4,3,5,1,5,5,5,5,1,5,3,3,2,4,1,3,3,5,5,5,1,3,1,3,1,5,3,5,1,3,166,c6fb37c67c49a9182f3d,0
50563,5,2,4,1,5,1,5,3,4,4,5,1,5,4,5,5,3,1,3,5,1,4,4,5,5,4,1,5,2,3,4,5,5,5,1,5,1,4,2,5,1,5,4,4,313,606814ab7cfffae284b6,1
50818,4,5,4,4,4,4,3,4,1,5,4,1,4,5,5,5,4,5,5,5,5,4,5,1,4,4,5,2,5,5,5,2,4,2,5,5,4,3,5,5,4,2,5,5,261,6c7282727a6c3980989a,0
50879,4,4,5,4,5,4,4,4,3,5,4,3,3,4,5,3,4,4,4,4,4,4,3,2,4,2,2,3,4,4,4,4,3,3,2,3,3,3,3,5,5,4,4,4,152,6bccda095c38e389bf95,0
50650,3,1,4,2,3,4,4,4,4,5,4,2,5,2,4,3,5,5,1,4,4,3,4,4,4,3,3,4,1,4,5,5,4,4,4,3,2,3,2,5,5,3,2,4,191,ca2ed6a05f59ca1e2360,0
51574,5,4,5,1,5,1,2,4,2,5,5,2,5,4,5,5,4,3,5,5,1,5,2,1,5,5,4,4,5,3,1,4,5,4,4,5,5,4,2,5,5,5,5,1,318,2d852845c1f68558d63c,0
50686,4,2,3,3,5,2,4,3,2,5,3,1,4,3,4,5,4,4,3,4,4,4,3,4,4,4,2,4,4,4,4,2,2,4,2,4,2,4,2,4,1,4,4,4,175,6673d5edd165f45e410b,0
51596,5,4,4,2,4,3,2,4,4,5,5,4,4,2,4,5,1,4,2,5,2,1,4,4,4,5,2,2,4,4,3,3,3,4,2,5,4,4,2,,3,2,5,5,163,f3e5ff6bdff064c7dbc6,1
51626,5,5,5,5,5,2,4,5,3,5,5,4,5,5,5,5,3,5,5,5,1,2,4,2,5,5,4,4,5,5,2,3,4,4,1,3,4,3,5,5,1,2,3,5,155,3a6e07d6026039a40737,0
51688,5,1,4,2,5,4,5,4,4,5,5,1,5,4,5,5,2,4,4,5,4,2,2,4,5,5,5,4,4,5,4,5,2,4,1,5,2,5,2,5,4,5,5,5,1169,da0cfae2280494771916,0
51699,5,4,5,5,5,1,2,3,2,5,5,5,3,5,4,3,2,1,5,4,1,1,4,3,4,5,3,3,5,4,1,1,5,5,1,5,5,5,1,4,3,2,4,4,174,a4524f348f27ba27dab0,0
51717,5,3,5,1,5,4,4,2,4,5,4,1,5,4,5,5,4,1,1,5,1,4,1,4,3,3,3,4,3,5,3,5,5,3,1,3,1,4,2,4,4,4,1,5,163,6bc9542c74bdf662864e,0
51721,3,3,4,2,3,4,5,3,3,4,4,1,5,3,3,3,4,1,5,2,3,5,4,3,3,3,2,2,4,4,4,5,5,3,3,3,2,2,4,2,3,4,3,4,332,f038711b572de9f71f22,0
51841,3,2,3,2,3,1,4,4,2,4,3,2,3,5,2,4,3,4,4,4,5,4,4,4,3,3,2,3,4,3,4,2,3,2,4,2,4,3,4,,4,5,4,3,265,d937d080137788b37ea2,1
51852,5,4,4,2,4,4,3,3,4,4,4,3,,,,,5,3,3,4,4,3,3,4,4,5,4,5,3,5,3,3,4,4,4,4,3,4,3,4,4,4,4,5,504,035e67a4619a5fc63fd1,1
51863,5,2,5,2,5,4,5,1,5,5,5,1,5,4,5,5,5,4,4,5,2,4,1,5,5,4,1,5,2,5,4,5,5,5,4,5,2,5,2,5,1,5,2,5,390,48e5909ce9c4e2875701,0
51563,4,2,5,4,5,5,5,1,5,5,5,1,5,4,5,3,5,3,1,5,4,5,2,4,5,4,2,4,4,5,5,5,5,5,2,4,2,5,3,5,2,5,1,4,220,2b28db7856bb1dfe24f5,0
51882,5,2,4,1,3,4,4,4,5,5,4,1,5,2,4,3,4,1,4,4,3,5,5,5,3,2,4,4,4,4,4,4,4,5,4,5,4,3,4,5,3,4,5,3,172,1cb61109db3304aa9138,0
51906,2,5,2,3,2,3,2,4,4,5,4,2,2,2,3,3,4,2,4,4,4,2,5,3,3,2,4,4,4,5,4,2,3,4,4,1,4,4,4,2,2,2,5,4,230,347e7cf481843bb060b0,0
51606,3,4,4,5,4,3,2,3,2,5,4,3,4,4,4,4,4,5,5,5,4,4,4,3,4,4,4,4,4,4,4,4,4,3,4,4,4,4,4,4,4,4,4,4,149,fd4abbb8841322f63585,0
51951,1,2,4,5,3,5,5,3,1,5,2,1,5,4,2,3,3,4,5,5,5,4,4,1,2,1,3,1,3,5,5,5,3,4,4,3,1,5,5,5,3,4,4,5,334,56ba530f6e4385f2b9dd,0
51624,5,4,4,3,5,2,4,5,2,5,4,1,4,4,4,2,2,4,3,5,2,4,3,5,5,4,4,4,3,3,4,4,3,3,2,4,4,3,4,5,2,3,3,2,175,b70e85bf550241d06fd7,0
51629,4,4,4,3,3,3,4,4,4,5,4,3,5,4,5,5,3,4,4,5,2,2,4,3,3,3,4,5,4,4,2,4,4,3,3,3,4,4,3,4,1,3,4,5,419,a9b6b0b3e4bd2e4a179b,0
51964,2,5,4,5,3,4,2,4,2,5,3,3,4,5,5,2,2,4,5,5,5,3,4,1,4,5,5,3,5,5,5,1,5,5,5,1,5,4,5,5,2,1,4,5,175,6700438919f55236a6f0,0
52002,5,5,2,5,4,4,3,5,1,5,1,1,1,5,4,4,2,4,5,5,1,3,5,3,2,2,4,1,5,4,4,2,3,3,3,3,4,2,5,3,2,3,5,2,285,429bc8703c5d5125f496,0
52051,2,4,5,2,5,5,4,2,5,5,4,4,5,4,5,4,4,4,2,5,4,4,4,2,5,4,4,5,2,5,4,4,4,5,2,2,4,5,2,5,1,4,2,5,1349,a7139da28bb985a1b249,0
51895,5,5,4,2,5,3,2,3,1,5,3,2,5,5,5,5,4,5,5,5,4,1,2,1,5,5,5,3,4,4,3,2,5,5,5,1,5,2,4,5,2,1,4,5,155,3fc7522fb407c753afc0,0
51941,4,2,5,5,5,4,5,2,4,5,2,1,4,4,5,4,4,1,5,4,4,4,1,1,4,4,2,5,5,4,2,5,4,4,4,4,2,4,1,4,1,4,5,4,212,6207384e6de557b8f3b6,0
51971,4,4,4,4,4,4,4,4,3,4,4,2,4,3,4,3,4,5,5,4,3,5,5,3,4,4,2,3,3,5,3,5,4,4,4,5,3,3,3,4,2,4,4,4,150,9ade7400d5b379e0f198,0
52177,5,5,5,2,4,2,2,4,2,2,5,4,5,4,4,5,5,4,4,4,2,5,2,5,4,5,1,5,2,4,1,4,5,4,5,5,4,5,4,2,4,5,4,4,137,6fcea1af2804bbbc93a9,0
52187,3,3,5,2,4,5,5,1,4,5,4,1,5,2,4,4,4,2,1,4,3,5,1,4,4,3,1,5,1,5,4,4,5,5,4,3,2,4,2,4,2,4,2,4,595,a29e5aa20e5bb480dce9,0
52004,4,2,5,3,4,4,4,4,4,4,4,2,5,4,4,4,5,2,3,2,4,5,5,5,3,4,4,5,3,3,4,5,4,5,5,3,2,4,3,3,4,4,2,3,97,5f461af3d6a756ad89b1,0
52193,5,,2,4,5,1,5,4,5,5,5,5,5,4,5,5,5,5,4,5,1,4,5,5,5,5,1,2,4,5,1,4,2,5,5,5,5,5,4,5,1,5,5,5,141,25d0ee639919f063617e,1
52073,4,4,5,4,3,2,2,4,2,5,3,1,5,5,4,4,2,2,4,3,2,5,3,2,4,2,4,2,5,4,4,4,4,4,1,4,4,5,2,2,2,3,4,4,195,814ed56d5835227f7f44,0
52223,2,1,4,4,5,5,5,1,4,5,3,1,4,2,4,3,4,2,4,5,5,4,2,3,5,4,4,4,4,2,4,4,4,4,1,2,1,4,3,5,3,3,2,3,482,39455f5f6810223592b5,0
52088,5,4,4,5,4,4,3,4,1,4,3,3,1,1,4,3,3,2,5,4,4,3,5,1,3,2,2,2,5,5,5,3,2,1,4,4,4,3,5,4,2,5,4,4,148,e00cc30b6e0903a21c0f,0
52094,4,4,5,1,4,3,5,2,4,5,5,1,5,3,4,5,5,1,1,5,3,5,1,5,4,4,3,5,1,5,3,5,5,5,1,4,1,5,1,5,1,3,1,3,119,277caded91023813b40b,0
52264,4,4,2,3,2,2,4,4,4,2,4,1,2,4,2,4,5,5,4,3,2,4,4,3,2,3,3,4,4,2,4,4,2,3,3,3,4,3,4,4,2,4,4,2,688,3deb1beaee69f3a6928e,0
52143,4,2,4,2,5,3,5,2,2,4,5,1,5,4,5,4,5,1,4,4,3,5,2,5,3,4,3,3,1,5,4,5,3,4,4,3,1,3,3,3,1,4,4,3,363,0e711890b1572c8e5f2e,0
52155,2,3,3,2,4,4,4,4,4,5,3,1,4,4,5,3,5,4,5,5,4,4,5,3,4,3,1,2,3,4,4,5,3,5,1,1,2,2,2,3,3,2,5,3,384,77ab2a914368d12f3c5a,0
52185,4,5,5,3,3,2,4,1,3,2,4,2,5,4,4,5,2,1,5,5,2,4,1,4,3,4,1,5,4,5,3,5,4,2,2,4,1,5,3,4,2,5,3,5,161,8ea8d57320c9139ae1d3,0
52303,2,1,4,5,2,5,4,4,4,5,2,1,4,3,4,4,5,3,4,3,4,4,3,4,3,2,3,3,1,2,4,5,4,5,3,2,1,2,2,3,3,4,4,3,206,72d1158f11a8d8f0985e,0
52217,4,4,2,3,4,5,4,4,4,5,2,2,2,4,3,3,4,1,4,3,5,4,5,3,2,1,3,2,4,4,5,4,4,3,4,2,4,4,5,4,5,5,5,3,135,0d5ede5d31a691c61ad4,0
52291,2,4,3,5,3,4,4,1,1,5,5,4,5,5,5,3,3,4,5,3,4,2,1,2,3,3,3,3,4,4,5,5,4,3,4,1,2,2,5,5,3,2,4,4,236,4a5dbb0e1d6a45c9ded0,0
52425,3,4,4,4,4,3,3,3,4,4,3,2,4,4,3,4,3,4,3,4,3,4,5,4,3,3,3,3,4,4,4,3,4,4,2,4,3,3,3,3,2,3,4,3,166,a710d1d2c13332830712,0
52430,2,3,5,2,2,3,4,1,4,5,3,1,5,4,3,3,5,1,3,5,4,4,2,5,4,2,4,5,2,5,2,5,5,4,1,3,1,4,1,5,2,4,2,5,223,cc8bb12031352b5f4e32,0
52457,3,2,5,1,4,2,4,3,3,5,4,2,4,4,5,3,4,2,3,4,3,4,2,3,4,2,3,5,4,4,2,3,4,4,2,3,3,4,4,5,3,4,3,4,175,b822fa155e6ff2faca59,0
52460,4,3,5,2,4,4,4,3,2,5,4,2,5,5,5,5,4,3,5,3,3,5,3,3,5,5,3,4,4,4,4,4,4,3,4,4,3,4,4,4,4,4,3,4,116,d0c47961aa9229f9c079,0
52305,4,2,3,1,2,2,4,3,3,5,3,3,4,4,2,3,5,3,4,4,3,3,3,4,3,2,2,4,4,3,4,3,4,3,4,3,2,3,4,2,2,4,3,2,136,51e2d9bb643f8464cf46,0
52500,2,2,4,4,4,4,4,4,4,4,2,2,4,4,4,4,4,2,4,4,2,4,1,1,3,4,3,4,4,4,2,4,4,4,4,3,2,4,1,4,4,4,5,4,214,b678e54265cee56b4074,0
52324,4,1,5,1,5,4,5,3,4,5,5,2,2,2,5,3,5,2,2,5,4,5,2,5,3,3,3,3,2,5,4,5,5,3,5,3,1,5,4,5,5,3,2,5,690,74e21bafedfa936dffa5,0
52508,2,4,5,4,4,4,3,4,3,4,2,2,5,4,3,2,4,1,4,4,5,4,2,3,3,3,4,5,4,4,4,4,5,4,4,2,3,4,3,3,3,3,3,3,215,b505e487870547dc0f7d,0
52561,2,2,5,4,3,4,4,2,4,5,3,2,5,5,4,2,4,2,4,5,4,1,2,4,2,4,4,5,4,4,4,4,4,4,4,2,2,4,2,3,2,4,4,3,224,6f61fa3a60fd641a8d0c,0
52562,4,4,4,4,3,4,4,2,2,4,2,1,5,4,5,3,2,4,4,4,3,4,4,3,3,2,4,1,4,4,4,4,3,4,4,2,3,3,4,3,1,3,4,3,172,a3219f0876f3ab180ba7,0
52597,3,4,2,3,3,4,3,4,2,4,2,4,4,4,4,3,4,4,4,4,4,4,4,4,4,4,4,4,4,4,4,4,4,4,5,3,4,5,5,5,3,5,4,3,128,8af5b91c60305732d65f,0
52607,4,2,4,3,4,2,5,2,3,4,4,1,5,4,4,4,5,1,5,4,2,4,1,2,4,4,2,5,4,4,3,5,5,4,2,4,2,5,2,4,4,4,2,3,139,77ab0ddc93bab8c4bebb,0
52453,3,2,4,4,4,5,4,4,1,2,2,1,3,4,3,3,4,4,5,5,5,5,5,2,3,2,2,2,4,5,5,4,2,2,3,2,4,2,4,4,2,2,4,4,220,39aedc9b3d08f390d28b,0
52487,5,4,5,5,4,1,5,4,5,5,5,5,4,5,5,5,5,5,5,5,1,5,5,1,5,5,1,5,5,5,1,5,5,5,1,5,4,5,5,5,5,5,5,5,164,08fea7d9c7e5ce14c17c,0
52535,5,2,5,1,4,2,5,1,4,4,4,1,4,3,4,4,5,2,1,4,4,5,1,5,4,4,1,4,2,4,4,1,4,4,2,4,2,4,1,4,1,5,2,5,368,a49b3d3dbe96eef0c562,0
52538,5,2,4,1,5,1,4,4,4,4,4,1,5,4,4,4,2,4,4,5,1,5,2,1,4,4,1,1,4,1,1,5,5,2,1,4,5,4,1,4,1,5,4,3,164,6078782eb44271abda62,0
52564,5,3,2,1,5,1,3,4,5,5,5,2,4,1,4,5,5,5,1,5,1,5,4,5,4,4,4,4,1,5,1,5,4,5,1,5,2,2,5,5,2,4,4,4,167,a82b2cf2c4bca96ac65c,0
52698,4,4,1,5,3,1,4,3,,,,,,,,,2,2,4,3,3,4,2,3,4,5,5,3,4,2,3,4,1,4,4,4,3,4,2,3,1,2,3,3,235,3ec5915ce8910b7931b3,1
52578,2,4,5,4,5,5,3,4,2,5,5,2,5,4,4,4,4,4,4,4,4,4,3,2,4,4,3,3,5,4,2,3,3,3,5,4,4,4,3,4,5,4,3,3,323,a795e9c51f0ef7976b80,0
52731,5,4,4,5,5,2,4,5,2,5,4,1,2,5,5,4,5,5,5,5,1,1,4,1,5,4,1,2,4,5,1,5,5,5,2,5,1,1,4,5,1,5,5,5,138,8bc20aaba0fcd0009b32,0
52741,1,3,4,4,3,4,4,4,2,4,3,1,5,5,4,3,4,5,5,4,5,4,2,3,3,2,4,3,4,3,5,4,5,4,2,2,1,4,4,4,3,4,4,4,190,1dd676d3ea18758118b1,0
52742,4,4,4,4,4,4,4,4,4,5,2,1,4,4,4,2,1,4,4,5,4,4,2,4,4,1,4,5,4,5,3,5,4,5,4,4,2,4,3,5,2,4,4,4,533,0f6c4947f3ad6ed1258c,0
52825,4,2,4,2,2,4,4,4,4,4,5,2,4,5,5,5,5,4,5,4,3,4,3,3,2,2,4,4,4,4,4,5,4,4,5,4,2,4,4,5,3,4,4,3,182,e23f697a8f35e29d33d0,0
52827,2,1,1,2,5,4,3,4,2,4,4,4,3,4,4,4,3,3,4,5,4,3,4,3,5,4,4,3,4,4,4,3,4,2,1,2,4,3,4,5,4,3,4,4,207,3f0816d383f59d621f26,0
52666,3,4,5,1,4,4,5,5,2,5,3,4,4,2,5,4,5,5,5,5,3,4,3,2,4,3,5,2,4,5,4,4,3,4,1,4,5,4,5,5,1,4,4,4,206,2435f369589ffe231954,0
52689,5,4,3,3,3,3,4,4,2,5,2,2,3,4,4,3,1,4,5,5,2,3,5,1,4,3,1,1,4,5,5,5,3,1,3,2,3,2,5,5,4,3,5,5,307,73aee4038af9314be4b9,0
52941,1,4,5,1,3,5,5,4,3,5,4,3,5,4,5,3,5,3,5,4,1,3,2,4,2,2,4,4,4,4,5,5,5,3,3,2,1,5,5,3,4,5,3,3,201,dd706d621d171da34ded,0
52953,5,5,1,5,5,1,1,5,1,5,5,5,1,5,5,5,1,5,5,5,1,1,5,1,5,3,5,1,5,5,1,1,1,5,5,5,2,1,2,1,5,1,5,4,457,96e51c835f6987eb7840,0
52999,3,4,4,4,5,4,4,3,3,5,2,3,5,5,5,3,3,4,5,4,3,1,3,1,5,5,5,3,5,4,4,5,4,4,3,4,2,3,5,5,3,5,4,2,547,b8bafe399bf2c49fc07d,0
52867,3,3,2,3,3,1,1,5,2,5,4,4,1,5,5,3,2,2,2,5,5,3,4,1,5,4,5,1,5,5,5,2,2,2,4,4,5,2,2,4,1,3,4,5,557,108b9eb75e7c201d93ef,0
53053,4,4,3,2,4,4,2,4,2,5,3,2,2,4,4,3,5,4,4,3,4,4,4,5,4,2,4,4,3,4,4,4,4,3,2,3,4,2,4,4,4,5,4,3,265,a51d266281f397c6ce4a,0
53131,1,4,4,1,5,1,5,5,1,5,3,4,3,5,5,3,1,5,5,5,5,3,5,1,5,3,5,4,5,5,5,4,1,2,4,3,4,2,5,5,3,4,5,5,160,b6f3c3face0e91b2f3e1,0
53150,1,4,4,2,4,4,4,4,3,5,3,1,5,5,5,4,5,1,3,4,5,5,1,4,4,3,3,3,2,4,4,5,4,5,5,2,3,5,1,5,2,3,3,3,211,1e33de2262a360db744e,0
53050,2,3,4,1,5,4,3,3,5,5,2,1,3,4,5,3,5,5,1,5,5,5,5,3,4,4,5,5,3,5,4,3,4,5,3,2,1,1,3,5,5,5,5,5,222,9cfd30ffae9ec7363663,0
53054,1,4,4,2,5,5,2,4,5,5,2,1,4,4,4,2,2,1,4,4,5,2,2,4,4,2,4,2,4,4,5,4,4,5,3,2,3,4,4,4,1,4,3,4,225,a3fa925e6e2950a83acc,0
53179,1,5,5,5,5,5,3,3,2,5,2,2,5,5,5,1,2,1,4,4,5,1,1,3,5,3,5,3,4,5,5,4,5,5,5,1,4,5,4,5,4,1,1,1,127,7101b52025e9bad301d4,0
53099,1,4,5,4,5,5,5,4,5,5,3,3,4,4,5,4,5,4,5,5,5,5,4,3,4,4,4,5,4,5,5,5,5,5,5,1,1,4,4,5,1,2,3,5,135,4b430db8f4906d720c99,0
53212,1,3,3,5,1,3,4,3,2,3,2,1,3,3,2,1,4,5,5,5,5,5,4,3,3,3,4,3,2,3,5,5,2,3,3,1,1,3,5,3,3,1,5,3,427,90d01670717535788d58,0
53269,3,4,5,1,2,1,4,4,5,5,5,1,5,1,5,5,5,4,1,5,3,4,4,5,3,4,4,5,2,5,1,5,4,5,5,5,1,2,4,5,2,5,5,1,454,ace5908970586cd20a20,0
53289,3,1,5,1,5,3,5,1,5,5,5,1,5,3,5,5,5,1,1,5,1,5,2,5,3,4,1,5,1,5,1,5,5,5,3,5,1,5,2,5,1,5,1,5,165,ad76fff1e8736540c544,0
53302,3,2,4,4,4,4,5,2,1,4,2,1,3,4,5,3,5,4,5,5,4,4,4,2,4,2,1,3,2,5,4,5,4,1,2,4,1,2,4,4,1,4,3,4,215,58d6a3b63d1f97a9d303,0
53308,4,4,2,3,3,3,2,4,2,3,4,1,4,4,3,4,2,3,5,4,2,5,3,5,3,4,1,3,1,5,2,5,3,3,3,4,1,4,3,4,1,4,4,5,206,bd8e31e3be4ace4ad67d,0
53314,4,2,4,1,5,3,5,3,3,5,4,2,5,3,5,3,3,2,5,5,4,5,3,4,5,3,2,4,3,5,3,5,5,4,3,5,1,5,2,5,1,5,1,5,402,c8f0f8dcdae9c54fcdc4,0
53316,5,2,4,1,4,2,4,2,4,5,4,1,4,4,4,4,5,1,2,2,2,4,1,4,4,4,2,5,2,2,2,4,4,4,3,4,2,5,2,4,2,4,2,2,175,7d8a79df97fc613481ab,0
53322,4,4,5,3,4,4,4,3,2,4,2,2,5,5,4,3,2,2,3,3,5,5,5,5,3,5,5,3,4,4,4,4,4,4,4,5,5,4,5,5,4,5,5,4,395,6afc5ba088f1e2d91663,0
53263,5,2,5,1,5,1,5,2,5,5,4,2,5,1,5,4,5,1,1,5,1,4,1,5,5,5,1,5,1,5,2,5,5,5,2,5,1,5,2,5,1,5,2,4,165,811b70aecf94a5746ce2,0
53277,3,4,4,2,5,3,5,4,5,5,4,2,4,2,5,4,3,2,2,5,4,3,3,4,5,4,4,3,2,4,4,5,5,5,2,4,2,4,1,4,5,5,3,4,173,3006b908246540dce667,0
53365,4,3,4,1,5,2,5,5,5,5,5,4,4,2,4,4,4,4,2,5,2,4,2,5,5,5,4,4,2,5,4,5,4,5,2,5,4,4,2,5,5,4,4,3,171,a6a08e49e076ade97c31,0
53369,2,3,5,2,4,1,5,5,4,5,3,1,5,5,5,5,4,5,3,4,1,4,4,5,4,1,4,5,3,5,5,5,5,4,5,1,2,4,4,5,1,4,5,5,403,9727baffb837b54542bc,0
53363,3,5,3,3,4,5,5,4,5,4,3,1,4,1,5,2,5,5,5,5,4,5,4,5,4,2,5,5,4,5,4,5,4,5,4,4,2,4,4,3,4,3,5,3,281,202f3c0e5e84cc6f6858,0
53499,4,4,4,4,5,4,3,2,2,3,3,1,4,4,4,3,3,4,4,5,4,4,5,2,3,2,3,2,4,4,4,4,3,4,4,3,2,4,4,4,3,3,4,4,448,c4a6a9fd24631e39e34a,0
53527,3,2,4,4,5,3,3,4,4,5,3,3,1,3,5,3,4,5,3,5,4,3,4,1,5,1,1,3,4,5,3,4,2,2,1,4,1,2,3,3,1,4,5,4,254,5a4ff96d8a4c2f378579,0
53430,4,5,1,4,5,5,5,3,3,5,3,1,3,4,5,3,4,4,5,5,5,4,5,2,5,2,5,5,3,5,4,5,4,2,5,4,4,2,5,5,2,4,5,5,217,cb3fb23725ea9c64f198,0
53436,2,5,4,4,5,5,3,3,3,5,3,1,5,5,5,3,3,2,3,5,3,5,2,2,5,5,5,5,5,5,2,3,4,4,3,3,3,2,1,4,1,3,3,5,135,841893e4ba0facdf8fb7,0
53542,4,4,2,4,4,4,4,5,5,4,3,1,4,3,4,4,4,5,2,3,3,4,4,4,4,2,4,2,4,4,4,4,4,4,1,3,4,2,4,4,2,4,4,4,172,92980b59838594b53703,0
53449,4,2,5,5,4,5,4,4,5,5,4,1,5,1,2,2,4,2,1,3,4,4,4,4,4,4,1,5,1,4,4,4,5,5,4,4,4,4,1,4,4,4,2,4,192,a479756fdbc9d3b3a015,0
53490,4,1,5,2,5,4,5,4,5,5,5,1,5,3,5,5,5,4,1,5,3,5,1,4,5,3,1,5,1,5,1,5,5,5,1,5,2,4,1,5,1,5,3,5,421,d20b43b0090ed334604c,0
53584,2,3,4,1,3,4,5,4,4,5,3,1,3,2,4,3,4,3,1,4,3,5,3,4,3,2,3,3,2,2,2,5,4,4,1,3,1,2,2,4,3,4,3,2,520,bd9f69a6c7bf87c852de,0
53688,2,2,4,4,5,5,4,4,4,5,4,1,4,4,5,3,4,2,4,5,4,4,2,3,5,4,4,5,4,5,4,4,2,4,1,1,2,4,3,5,1,5,2,4,246,25eea767c5ef68a65723,0
53514,2,3,4,5,4,5,5,5,3,5,2,1,5,5,5,3,2,3,5,5,5,4,4,2,4,5,5,5,5,5,5,5,5,5,3,2,4,4,4,5,1,3,4,5,235,8de049ec4001e9e08980,0
53725,2,1,4,3,5,5,4,4,4,5,3,2,5,4,5,5,5,4,4,5,4,4,5,5,5,4,4,4,4,5,4,3,5,5,3,2,2,5,4,5,5,3,4,5,461,178b3448a6dfd27ecb4a,0
53526,4,4,5,4,4,4,4,3,2,5,5,1,4,4,4,5,5,4,4,4,3,4,3,2,4,1,4,3,4,3,3,4,4,3,3,4,3,3,4,4,3,4,5,1,150,11b29c49fb34d2ae4e0c,0
53844,2,4,4,5,4,4,3,5,1,5,3,2,4,4,4,2,2,4,4,4,4,2,4,1,4,4,4,2,5,5,4,2,4,4,2,4,5,2,5,3,1,4,4,5,136,fb0e3b1a7d62f33d65f6,0
53690,2,2,5,2,4,5,4,3,4,4,3,2,5,3,4,3,2,3,2,3,5,2,3,5,3,3,4,5,3,4,5,3,4,5,1,1,3,4,1,3,4,3,1,4,232,1f557b5c5d56b8a8e337,0
53706,2,4,5,4,5,5,2,3,5,5,3,1,4,2,5,3,4,3,2,5,4,3,4,5,5,5,5,4,4,4,5,2,5,5,4,2,4,2,2,5,4,4,1,5,148,e290ddb4149be296a4a4,0
53824,1,5,4,4,4,5,5,4,5,5,2,2,5,3,4,4,5,1,2,5,5,5,3,5,2,2,4,4,2,2,4,5,5,4,5,3,1,4,4,5,4,2,4,1,137,d3302a768ce4d7465294,0
54580,2,2,5,2,5,3,4,3,4,5,5,1,5,5,5,5,5,3,2,5,5,5,1,4,5,4,5,5,3,5,2,5,4,5,1,1,1,5,1,5,5,5,1,4,468,69c3f3186d86240d77ee,0
54597,2,4,2,4,3,5,3,4,1,5,2,2,3,4,3,2,4,5,5,5,4,2,4,1,2,2,4,2,4,5,4,4,3,4,4,3,4,3,4,5,2,5,4,4,257,a0166f507a37523ad770,0
53846,3,4,4,4,3,4,4,1,5,5,3,1,5,3,4,3,2,2,5,5,4,5,3,5,5,4,4,4,1,4,4,3,4,5,5,1,1,2,1,5,5,5,2,4,590,b515e9a32e1a83df0dc0,0
54645,4,4,4,2,4,2,3,2,3,4,3,2,4,2,4,3,2,2,3,4,2,5,2,4,3,3,2,4,4,5,2,4,3,3,2,5,2,5,3,2,3,5,2,4,226,1dfa40417e1c76635459,0
54838,4,5,4,3,4,4,4,4,2,4,5,3,4,5,4,5,3,4,4,5,4,4,5,3,3,4,5,4,5,4,4,2,3,2,3,4,4,3,5,4,5,2,4,3,272,8b935c2a3d99d6fd5ac5,0
54143,4,3,5,3,4,5,4,4,3,4,4,2,4,4,3,3,4,5,4,4,5,4,4,2,4,3,3,3,3,4,4,3,4,4,3,3,3,4,4,4,1,3,3,4,421,d7e70a47ab4d15fd788c,0
63650,2,1,3,3,4,4,4,4,3,4,4,1,4,2,4,3,5,4,1,4,2,5,4,4,4,2,2,4,4,4,4,5,4,4,2,2,1,4,4,5,3,4,4,3,397,a6dc3123fabb3a1be470,0
54360,4,3,,2,4,3,4,4,3,5,4,4,4,3,4,3,4,4,2,4,3,5,4,3,4,4,3,2,4,5,4,4,3,5,4,4,2,2,3,4,4,4,4,4,270,5f7c6c1cef2d8c337440,1
64270,4,4,5,1,5,4,3,4,4,5,4,3,5,4,4,4,2,4,4,5,3,5,3,4,5,5,4,5,4,5,5,3,4,5,3,4,4,3,5,,4,4,4,3,340,874cddc08cff8a4c31c7,1
64304,1,3,3,4,3,5,2,3,2,4,1,3,4,5,3,3,3,2,5,3,5,2,4,2,3,1,3,4,4,4,5,3,3,2,4,1,2,3,5,3,2,3,4,4,200,22a67df375a19fd8dcdd,0
67553,3,5,4,1,3,5,4,2,4,5,3,4,4,2,4,3,3,4,4,4,5,3,4,5,3,3,4,4,3,5,4,5,5,5,5,2,2,3,5,5,4,2,4,3,198,67eb5989fd9cd075ffb8,0
59893,2,4,4,2,4,4,4,4,5,4,4,1,5,4,4,4,5,2,3,4,2,5,2,4,4,3,2,4,4,4,4,5,4,2,3,5,3,4,2,5,5,5,2,5,397,76ad0fab7f28bdf30d73,0
68739,3,4,3,2,4,3,5,3,3,4,4,3,5,5,4,3,4,3,2,4,4,4,3,4,3,3,3,3,3,4,4,4,4,4,2,4,5,4,2,5,4,4,4,4,1939,660fc5ecc87ea4b80c38,0
68756,2,1,3,1,5,1,5,4,4,5,5,1,5,3,5,4,5,2,2,4,4,4,4,5,4,4,2,2,2,5,4,5,5,5,2,5,1,4,2,5,2,5,2,5,1344,5e8e9690cf1e5229dab1,0
64294,3,1,4,5,4,2,5,5,1,5,4,1,3,4,5,5,5,5,4,4,4,5,5,2,4,5,4,3,4,5,4,5,2,3,1,5,2,2,3,5,5,5,5,5,346,e9b36a43d74eef9043cf,0
68786,5,3,5,3,3,2,4,2,2,4,4,2,5,4,3,4,4,4,4,3,2,4,4,3,2,1,1,4,5,2,2,4,3,2,5,5,4,1,2,4,5,5,3,2,176,1fd4ebeb91c3bf8be412,0
68798,2,4,2,4,4,3,2,5,4,5,3,4,2,2,4,2,4,5,2,5,4,4,4,2,4,4,1,1,5,5,5,4,2,4,3,4,4,1,3,5,5,1,5,5,528,5c9f53892d8a62159957,0
65009,4,2,4,3,2,4,4,3,2,5,4,2,5,4,4,3,4,3,4,4,4,4,3,3,3,2,2,4,4,4,4,4,4,4,3,2,2,4,4,4,2,4,2,4,167,1f922844e111084a27d7,0
65010,4,4,4,4,5,2,5,5,5,5,3,1,2,3,5,4,5,2,1,4,5,4,5,4,3,3,5,4,1,1,5,5,3,5,3,2,3,3,4,4,3,4,1,3,294,c9f083c2acbc80ab8010,0
68824,3,5,5,2,5,5,4,4,5,5,5,4,5,5,5,4,4,1,5,5,5,2,1,5,5,5,5,5,5,5,4,3,5,5,1,4,4,5,2,5,1,2,1,5,159,18dfd52f4037b1b5d66b,0
68825,,,,,,,,,,,,,,,,,,,,,,,,,,,,,,,,,,,,,,,,,,,,,15,18dfd52f4037b1b5d66b,1
68893,4,4,4,4,4,4,4,4,2,4,2,2,4,4,5,3,2,5,4,4,4,2,4,2,4,4,4,4,4,4,4,4,3,4,2,2,4,4,4,4,1,3,4,4,159,d2aea6951cb22cf29a62,0
68362,5,4,5,5,4,5,5,4,1,5,1,3,5,2,5,4,4,3,5,4,4,5,4,3,2,3,4,4,4,4,4,5,4,2,1,4,1,2,5,3,3,5,1,2,413,66bf871c4739907c6eb6,0
68946,4,4,5,1,4,4,4,4,4,5,4,2,5,4,4,4,5,4,5,4,5,5,4,4,4,4,2,4,4,4,4,2,4,4,2,2,2,4,4,4,4,4,2,4,489,7e641b9b6c8a838da89b,0
69013,2,1,3,4,5,3,4,4,2,5,2,1,4,5,4,4,4,3,2,5,5,5,4,5,3,5,5,4,3,5,5,4,3,4,2,2,4,2,2,4,4,4,1,3,520,75b5cd4552700b04aab4,0
69047,2,3,3,1,4,3,4,3,5,5,4,2,4,3,4,4,4,4,3,5,4,4,3,4,5,4,2,2,4,4,4,4,3,4,3,5,1,2,4,4,3,3,4,,402,74cebbbe7d2ce0146cd7,1
68947,4,4,4,2,4,4,4,4,4,4,4,2,5,4,4,4,4,4,4,4,4,4,4,4,4,2,2,2,4,4,4,4,4,4,2,2,2,4,2,4,2,4,2,2,410,7e641b9b6c8a838da89b,1
68970,4,3,1,4,5,5,5,4,5,5,5,5,5,5,5,5,5,4,5,5,4,5,4,5,5,5,5,5,5,5,5,5,4,5,5,5,3,5,1,5,5,5,5,5,401,a0ceb63139bbd23a577c,0
69134,4,4,5,1,5,4,4,4,5,5,5,2,5,4,5,4,5,4,4,5,3,4,4,5,5,5,3,5,4,5,2,4,5,3,2,4,1,3,1,5,5,4,4,4,352,8f34ec4bc69c58be2ec6,0
69139,4,4,5,2,4,4,5,4,2,5,4,4,5,2,5,3,5,5,2,4,4,4,3,5,4,5,4,4,4,5,4,5,4,4,1,4,2,3,3,5,4,5,5,1,254,853ff99fd4ac2054509f,0
69138,3,2,4,3,5,5,5,3,4,4,4,4,5,2,5,3,5,4,2,5,4,5,2,5,4,3,5,4,2,4,4,5,4,4,2,2,2,4,3,4,4,4,3,5,454,ee10fd892d9478fe8b5b,0
69189,2,4,5,1,4,5,3,4,5,5,2,4,5,2,4,1,2,4,2,5,5,2,4,5,5,4,4,2,5,3,4,4,2,3,5,2,3,3,2,5,1,3,5,4,333,5475b022f63baaf39b4a,0
69059,1,5,4,3,5,5,1,3,2,5,4,5,5,4,5,2,1,4,2,5,5,2,5,5,5,4,5,5,5,5,5,1,5,5,5,1,5,5,2,5,1,1,2,5,143,4d329078460bda33c219,0
69250,1,5,5,3,2,5,2,2,4,5,3,4,5,4,4,1,2,3,2,2,4,1,3,4,2,5,4,4,2,1,3,2,5,5,3,1,4,3,2,4,4,3,2,1,2211,5600815ecf159d0f09ba,0
69264,3,2,4,3,3,2,4,2,4,4,2,1,4,2,3,2,4,3,2,2,4,2,3,3,4,2,2,3,2,4,3,4,4,4,3,3,2,3,2,3,2,4,2,3,324,b654583afb913e832ff0,0
69290,3,4,4,4,3,3,4,4,2,5,4,2,3,4,4,4,4,3,5,4,4,3,4,2,3,4,4,3,5,5,4,5,2,4,4,4,2,4,4,3,4,5,4,2,149,bf243eff9db6c52649a6,0
69292,1,1,5,4,3,5,5,4,4,5,2,1,4,1,3,2,5,2,1,4,5,5,5,2,1,1,4,5,2,3,5,5,5,5,2,1,1,3,2,3,4,5,1,1,284,257adaa37c5e68c26801,0
69383,5,4,4,3,5,3,5,4,4,5,4,2,5,4,5,5,1,5,4,5,2,2,3,5,5,5,3,5,4,5,4,5,5,4,3,3,1,5,4,5,1,4,4,5,273,803b56712605b1c38602,0
69399,4,3,4,4,3,4,4,3,2,4,4,3,4,4,5,4,4,1,5,4,4,4,3,3,4,3,4,4,4,5,4,4,4,3,3,4,4,3,4,4,5,5,5,5,311,84de6b451d1d620211a5,0
69488,4,4,4,4,3,4,4,4,2,5,3,2,5,4,5,3,2,3,5,4,4,,2,1,3,2,3,4,5,5,5,4,4,2,3,4,4,3,5,4,2,4,4,5,290,3ec3c84c3aa2d8f17b69,1
69489,2,4,5,2,4,4,4,1,2,5,4,1,5,4,4,4,4,2,2,5,4,5,4,4,4,2,2,5,4,4,4,4,5,4,5,4,2,5,4,4,4,2,1,1,300,d385b80af577b311c762,0
69497,5,3,4,1,3,3,4,4,5,5,5,3,4,4,5,5,5,4,2,5,3,4,3,5,4,3,3,2,4,3,4,4,4,5,2,4,3,4,1,4,4,4,5,5,532,42c47eccec1de8fc466f,0
69534,4,4,2,3,3,4,5,4,4,5,4,2,3,4,5,5,3,1,5,4,3,4,2,4,2,5,4,4,4,2,3,5,5,4,5,5,3,5,3,1,1,5,3,2,183,8a45b277145270c836d8,0
69377,2,4,5,2,4,3,4,2,4,4,4,1,5,4,4,2,4,3,3,4,4,4,2,4,4,2,4,4,4,4,4,4,5,4,3,2,2,5,4,4,3,3,4,2,245,d623a7fff828a5a7c467,0
69674,2,3,4,3,2,4,4,1,3,4,3,1,5,4,4,3,3,3,4,4,4,2,1,3,4,3,3,4,3,3,4,4,5,4,3,2,1,3,4,4,3,4,3,3,175,846d4b5a9cbf6939c294,0
69576,5,5,3,2,3,3,4,5,4,5,5,4,4,5,4,5,4,5,5,5,2,3,5,4,2,4,3,3,4,4,4,3,3,3,2,4,4,2,3,3,4,4,5,2,152,9fb52a87517e502c127b,0
70105,1,3,4,4,4,5,4,2,2,5,2,1,4,4,5,1,5,5,5,5,5,4,4,2,4,1,1,2,4,5,5,4,3,3,2,1,1,3,5,4,1,4,5,5,455,7d3c06b1530082079df4,0
70219,1,4,4,5,4,5,4,3,1,4,2,1,5,5,5,4,4,4,5,5,5,2,3,4,4,1,1,5,5,5,5,5,5,1,5,1,1,4,5,5,1,4,4,5,144,277511e92c3b64f75086,0
70265,2,4,5,3,5,4,4,1,2,4,4,3,5,3,4,4,4,2,3,4,3,5,1,4,4,2,1,5,1,4,4,4,4,4,3,2,1,5,3,4,1,4,2,4,734,b42cffdb2c6b78323165,0
70037,2,3,4,5,4,4,3,4,2,3,2,2,4,5,4,2,3,4,4,3,5,3,4,2,4,3,4,3,4,3,5,3,3,4,3,2,4,3,4,4,3,4,3,2,170,8febc6e981a471bbffc2,0
70308,1,3,1,4,2,3,3,3,1,3,2,2,2,4,2,3,3,4,3,3,5,3,4,2,3,2,2,2,4,3,4,2,2,2,2,1,3,2,3,3,3,3,4,2,618,9c0bf8ca2a04dcae73a0,0
70539,1,2,4,4,5,4,3,2,3,5,4,1,4,4,3,4,4,4,5,5,5,4,4,3,3,1,3,4,4,4,5,4,3,2,4,2,2,4,4,4,5,4,3,5,235,5a6039723b322755ba76,0
70322,4,5,5,4,4,4,4,4,1,5,4,4,4,5,5,3,1,1,5,4,3,1,3,2,3,3,4,4,5,5,3,4,4,4,4,3,4,4,4,3,5,4,4,5,246,37a71ce74d1f213a5190,0
71473,4,4,4,1,4,3,3,3,4,3,3,3,3,2,3,1,3,3,3,4,2,2,4,4,3,4,4,3,3,3,1,2,5,5,3,4,4,3,3,3,4,4,4,4,454,932587e37dfb9a270741,0
71503,2,2,3,4,4,4,4,4,1,4,2,2,2,4,2,2,4,4,4,4,5,4,5,1,2,1,2,1,4,4,5,4,2,1,4,2,4,1,5,2,2,4,4,1,128,9683855b1fff332d00b6,0
71803,4,5,5,4,5,3,3,2,1,3,2,4,5,4,5,2,2,4,4,5,2,1,4,2,5,4,4,5,3,2,1,3,4,2,1,4,5,5,3,5,3,3,4,1,194,ef566754878fdafd2ba6,0
71821,3,4,3,4,3,4,3,4,2,4,2,3,3,3,3,4,3,4,4,4,4,4,4,3,3,3,2,2,4,3,4,3,3,4,4,2,4,3,4,3,3,4,4,2,249,0e44296f13d21c2de18e,0
71343,2,4,5,4,5,4,3,2,4,5,4,1,5,4,4,1,2,2,4,4,4,2,4,3,4,2,3,5,4,5,5,3,4,4,4,2,2,4,5,4,5,3,3,5,243,a3a230b623c027d4d881,0
71868,3,3,5,3,4,4,5,1,4,5,3,1,5,3,4,3,5,1,2,5,4,3,1,5,5,5,3,5,2,5,3,4,5,5,2,2,4,5,3,5,1,5,1,5,1259,cf4256e765efb738f4ea,0
71894,4,1,5,1,5,2,5,4,5,5,5,2,5,4,5,5,5,5,2,5,4,4,1,5,5,4,1,4,4,4,4,5,2,5,1,4,2,4,3,5,2,5,5,2,546,49317eae40a0c244f63c,0
71957,5,5,5,2,5,2,5,2,1,5,5,2,5,5,5,5,5,1,5,5,1,5,2,1,5,4,4,4,5,5,4,5,4,1,5,5,4,5,5,5,5,5,5,5,479,9e8c2c831429c40e4dad,0
73110,5,4,4,1,5,2,4,4,4,5,1,2,5,2,5,5,5,5,5,5,2,5,5,5,4,4,1,2,5,2,4,5,2,2,3,4,1,2,5,5,4,2,5,4,488,3602c55b93484432efe8,0
72938,1,3,4,3,3,4,5,3,4,4,3,3,3,2,3,3,4,4,3,5,2,4,4,4,5,2,4,4,4,3,3,3,4,5,2,2,4,2,1,5,3,3,4,2,424,05000d8e76d45c01a532,0
73082,5,4,5,4,4,4,4,4,2,5,5,4,5,4,3,4,4,4,4,3,2,4,4,2,4,5,4,4,4,3,4,5,4,2,4,5,4,5,4,3,2,4,4,4,148,1313b411c53d6e191c52,0
73509,5,3,5,2,3,2,3,4,3,4,4,2,4,2,4,2,3,3,3,3,4,5,1,2,3,4,4,5,4,5,1,3,4,4,3,3,2,4,2,4,4,4,1,2,465,f56fda090ff7ac5ab3a0,0
73807,3,4,4,2,3,3,4,4,5,5,3,4,4,5,5,3,4,2,4,2,3,3,4,5,2,2,4,4,2,2,4,4,3,5,5,3,2,3,4,5,4,3,4,2,293,25c569cbfdbdb806c224,0
73816,3,4,4,3,4,3,4,3,4,4,4,4,4,3,4,4,4,2,3,3,3,3,3,3,4,4,4,4,4,4,4,4,4,4,4,4,4,3,3,3,3,3,3,3,1129,0b6993e3c298eb5a3a78,0
73825,3,2,4,2,1,2,2,5,5,2,4,4,3,3,4,2,4,2,3,5,5,3,4,2,2,3,3,3,2,4,4,3,2,4,4,3,,2,3,2,2,2,3,4,64,c8cc86895842ff35ba01,1
73855,5,5,4,2,5,1,2,4,1,5,4,4,5,5,5,5,2,1,5,5,1,2,1,4,5,5,5,4,4,5,1,5,5,2,4,5,5,2,2,5,1,5,4,5,184,5a38e40dbb9b9ee12bcb,0
73948,3,4,5,2,4,4,4,2,4,5,4,1,5,4,4,4,3,2,4,4,4,4,2,4,4,3,3,4,3,3,3,4,4,4,4,4,2,3,3,3,2,3,3,4,209,45f9f2677959c180d286,0
74209,1,3,5,4,5,4,4,4,2,5,3,2,4,5,4,2,1,4,5,5,5,1,1,2,4,4,3,5,4,5,5,4,3,3,2,1,3,4,5,5,1,3,4,5,1138,2d1a36e5db79aa574d82,0
74219,5,4,4,2,3,2,4,2,4,4,4,2,4,3,5,4,3,2,3,4,2,4,2,4,2,4,2,4,2,2,2,5,4,4,3,4,2,4,2,4,4,5,4,2,339,f989e51ce0c93439d633,0
74260,1,4,4,2,2,4,3,2,1,5,4,2,5,5,2,5,5,3,5,2,5,5,3,3,1,1,2,3,4,4,5,4,4,2,5,1,3,,5,3,2,2,3,1,108,042e9f8ede8c7f76f2e5,1
73656,4,3,4,4,5,,1,5,1,1,1,2,5,5,2,2,4,5,3,2,3,5,5,1,2,1,2,4,4,3,4,4,1,1,5,2,3,2,5,1,5,5,4,1,384,2249805a52d04dd14e7d,1
74298,5,4,4,4,2,4,3,5,2,5,2,1,4,4,1,4,4,2,5,4,4,2,5,4,1,4,4,3,4,5,4,3,2,3,5,1,4,4,2,4,2,4,4,2,380,00fbb44534c8bc10d747,0
74344,5,4,4,4,5,2,2,4,3,4,4,1,4,4,5,5,3,1,2,5,3,5,4,2,4,5,4,3,4,5,4,3,5,4,4,4,4,1,3,4,1,4,5,5,340,ccb4ad30f68a1a7c5d2e,0
74379,5,5,4,2,5,1,3,5,4,5,4,4,3,3,5,4,5,1,4,4,1,4,4,3,3,4,1,2,3,5,2,4,4,3,4,5,2,2,2,4,1,4,5,4,313,982eaf57e081cea1baa4,0
74473,5,4,3,4,3,3,4,4,2,4,3,2,4,4,4,4,5,4,5,4,2,4,4,3,4,2,4,4,4,4,3,4,3,2,4,5,3,4,5,4,1,5,2,5,188,59def9cbee29cac3ccf8,0
74487,5,4,4,3,4,4,5,4,4,5,5,5,4,4,5,5,5,4,4,5,4,5,5,4,5,5,5,5,4,5,5,5,4,5,4,5,4,5,5,5,5,4,4,4,120,59def9cbee29cac3ccf8,1
74510,2,4,4,4,2,4,1,5,1,5,2,5,3,4,2,2,1,5,5,4,3,5,5,1,3,4,4,1,5,4,4,2,2,1,1,2,4,3,4,5,2,2,5,3,306,07f6dd1d8cfea62b2145,0
74529,4,4,4,3,4,4,4,4,2,4,3,4,4,4,4,3,4,4,4,4,4,4,4,2,4,2,2,2,2,4,2,4,4,2,4,4,2,4,4,4,2,4,4,4,194,095398b296f432eeb09e,0
74586,4,4,4,2,5,2,5,2,1,5,3,4,3,5,3,5,3,2,4,4,3,3,4,4,2,5,4,2,5,4,4,5,4,1,4,4,4,5,4,3,3,3,4,2,347,14f226a462f316d38c89,0
74607,5,3,5,3,3,4,4,5,2,5,4,3,5,5,3,4,4,4,5,4,2,2,3,3,3,3,2,4,4,5,4,4,3,2,2,3,3,2,4,4,4,3,3,4,305,14f226a462f316d38c89,1
74643,4,3,4,3,4,3,4,3,3,4,4,3,4,4,4,4,4,2,3,4,3,4,3,4,4,4,3,4,4,4,4,4,5,4,4,5,1,4,3,5,5,5,3,4,127,75e6fd436f009fdfffde,0
74666,1,2,5,2,4,2,4,5,4,,3,1,2,3,4,5,5,2,1,2,2,5,4,1,1,4,4,2,5,5,2,4,5,5,5,5,3,4,1,5,1,4,2,5,290,ddfb9f82f965a115ba63,1
74668,5,4,4,2,2,2,5,4,3,4,5,3,5,4,2,5,4,4,3,5,2,5,4,4,2,3,1,4,3,5,2,5,4,2,4,5,2,5,4,4,5,5,5,5,157,55c5d27a4f3d4bf8a37b,0
74669,,,,,,,,,,,,,,,,,,,,,,,,,,,,,,,,,,,,,,,,,,,,,53,ddfb9f82f965a115ba63,1
74738,4,2,5,5,,4,5,2,4,4,4,2,5,2,4,4,5,1,4,5,4,3,1,5,4,5,2,4,1,5,4,5,5,5,2,4,4,5,5,4,1,4,3,4,186,d6ccfafe58a3e08ba56c,1
75106,5,3,5,1,3,1,4,4,3,4,3,4,4,5,2,3,4,4,5,4,5,5,5,3,4,4,3,3,4,5,4,3,4,3,5,5,4,4,5,5,3,4,5,3,128,d8e5c0f06e566b1a8a09,0
75349,3,4,5,5,4,4,5,3,2,3,3,3,5,5,4,3,2,3,4,4,4,4,2,2,2,4,5,5,5,5,5,4,2,4,4,2,4,3,4,3,1,4,4,5,236,cf3e11452079e66b9cad,0
75360,2,4,5,1,4,4,3,2,5,5,4,4,5,4,5,2,4,1,5,5,4,2,2,5,5,5,4,5,2,5,5,5,5,5,1,1,4,2,4,5,1,3,2,4,255,0d51187694788a75e24b,0
75404,4,2,5,1,4,3,4,1,2,4,4,1,5,3,4,4,5,1,4,4,2,4,2,4,4,1,1,3,2,4,3,5,4,3,4,4,1,4,4,4,2,4,1,4,156,dd6051586facd6feb653,0
75421,4,2,5,1,5,3,5,4,4,5,5,3,5,3,4,5,5,2,2,5,3,5,1,5,5,4,2,4,2,4,2,5,5,5,3,5,2,5,2,4,2,4,4,3,238,bb43c909f3aabbdabe1e,0
75649,5,3,5,2,4,3,5,3,2,4,4,2,5,5,4,4,4,1,4,4,3,4,2,4,4,3,1,4,4,5,3,5,4,4,4,4,2,4,4,4,2,5,1,4,273,b59e901f0b18d16fb680,0
76583,1,4,5,1,3,5,4,4,5,5,3,2,4,4,5,4,4,2,3,4,5,4,4,4,4,5,3,4,3,3,4,4,5,5,5,3,4,3,2,3,3,3,1,1,314,3972b0a0d8767deb6851,0
76826,2,2,4,2,3,4,4,1,2,4,4,1,5,4,5,3,4,2,4,4,4,4,2,3,3,2,2,4,4,4,4,5,4,4,5,2,1,5,3,4,4,4,4,2,186,4f4361f64aa2c33b2e69,0
76874,5,4,5,1,3,1,3,4,2,5,5,3,4,4,4,5,4,4,4,4,2,4,4,3,4,5,2,4,5,5,2,5,4,3,4,5,4,4,3,4,2,4,4,4,608,3d7b01c1b702c8c439e7,0
76880,4,5,3,1,5,1,3,5,5,5,5,5,4,3,5,5,1,4,1,5,1,4,2,5,5,5,1,5,1,4,1,3,4,3,1,5,5,5,,5,1,5,4,3,234,feea6219de12ccbccedd,1
76981,2,4,3,4,3,5,4,4,4,5,2,1,5,3,4,2,4,3,5,5,5,5,4,5,3,1,2,5,2,2,5,5,4,5,5,1,1,4,4,3,3,5,4,3,326,5e3a44952153e22ce366,0
77481,5,3,5,2,4,3,5,3,4,5,5,3,5,5,4,5,5,1,5,5,4,5,1,5,4,5,4,5,5,1,5,5,5,4,3,5,4,4,5,5,5,4,4,1,208,58461bb326d4686e277a,0
80392,5,4,4,1,5,2,5,4,2,5,3,1,5,4,5,5,5,4,4,4,3,5,4,4,4,4,5,5,5,5,4,5,5,2,5,5,5,4,4,5,1,3,3,4,339,3ae9a0e4d745775598dd,0
81315,5,3,3,4,4,3,4,4,3,4,3,4,3,4,4,4,3,4,4,3,3,4,4,2,3,3,4,2,4,4,4,5,3,5,4,4,2,3,4,4,2,4,4,4,233,9b7f015a35bd37b30ca1,0
82422,4,3,2,2,3,1,4,4,2,5,5,3,5,4,2,4,4,5,4,3,1,3,5,5,3,4,4,5,4,3,4,2,2,4,3,5,1,4,3,5,5,5,4,1,159,dfb8b5346d8d953f01ca,0
83262,4,3,3,3,4,4,4,4,2,5,4,1,4,2,5,5,4,4,3,3,3,4,3,2,4,4,3,4,3,4,4,2,4,3,3,2,3,4,2,5,1,4,4,5,205,b9b9cc0afcd817b9b2fb,0
83555,1,4,4,1,1,4,3,4,4,4,2,4,4,4,5,3,4,3,5,5,5,4,4,5,1,3,5,5,4,3,4,3,4,4,4,2,4,3,4,4,5,4,3,1,114,010b070ab454457c99e3,0
86253,3,3,4,3,4,4,4,3,4,4,4,3,4,4,3,4,4,2,3,3,4,4,3,4,3,4,3,4,3,3,4,4,4,4,4,4,3,4,4,4,4,4,3,4,415,0dcdfd0d9ac1389d6b6a,0
86784,1,2,3,2,3,5,4,4,3,4,3,2,4,4,3,2,4,4,4,4,5,4,4,3,3,1,3,2,4,4,5,3,4,4,4,2,4,3,4,4,4,4,4,3,144,c53e31707e98625cf105,0
86922,5,5,5,4,4,1,4,4,1,4,1,4,4,5,3,4,4,5,5,5,1,5,5,1,2,4,3,3,4,5,1,4,2,1,3,5,3,4,5,4,2,4,5,5,194,60a7b30b23a64f25769f,0
75288,3,4,4,3,2,4,4,2,3,4,3,3,4,4,4,4,4,4,4,2,4,4,4,3,2,2,2,3,2,4,4,4,2,3,4,3,2,3,4,4,2,4,4,4,204,4400968fe917a17e9adf,0
87561,4,2,5,4,5,1,5,3,4,5,3,1,5,2,5,4,5,2,3,5,1,5,2,3,5,4,2,5,3,5,2,5,4,4,2,4,2,3,2,5,1,5,4,5,147,037c0e55cd69e9f67cf4,0
88377,3,3,3,3,3,3,3,3,3,3,3,3,3,3,3,3,3,3,3,3,3,3,3,3,3,3,3,3,3,3,3,3,3,3,3,3,3,3,3,3,3,3,3,3,52,5f6a17ad4a50647dee44,1
88727,5,4,4,1,4,1,4,3,5,4,3,1,4,2,4,4,5,3,2,3,1,5,4,5,3,4,2,4,4,5,2,5,4,4,1,4,2,5,2,4,2,5,3,4,315,924d16497489a3d9d37b,0
89138,1,1,4,2,2,5,5,1,5,5,1,1,5,4,4,1,4,5,3,2,5,5,4,5,3,2,4,5,3,2,4,5,4,5,4,2,2,5,2,5,5,4,4,4,126,5c387d2992f60f1d180a,0
89823,4,5,4,1,5,1,4,4,5,4,4,2,4,3,4,3,5,3,1,4,2,4,2,5,4,4,4,2,1,2,2,3,4,4,2,4,4,5,2,2,3,4,3,3,462,3fc65081536cb18fc932,0
90415,4,4,5,1,5,4,3,2,4,4,3,1,5,2,5,3,3,1,2,4,3,2,1,5,5,4,2,5,1,2,3,3,5,5,5,4,2,4,1,4,5,5,1,1,148,bb1cdd836495d0fc0aa3,0
90443,4,4,5,1,5,2,4,2,5,5,4,2,5,2,5,3,2,1,2,5,4,1,1,5,5,4,1,5,1,1,2,3,5,5,5,4,2,5,2,5,4,4,1,1,302,bb1cdd836495d0fc0aa3,1
90724,2,4,3,4,4,4,5,4,1,4,3,1,4,4,4,3,4,4,4,4,4,5,4,1,3,2,4,2,4,4,4,4,4,2,3,2,3,4,4,3,3,4,4,3,209,dbb80f895699863fd37d,0
91396,4,4,3,4,5,2,3,4,1,4,3,4,4,5,5,4,2,1,5,4,5,4,5,1,2,1,4,3,5,4,5,5,4,5,5,2,4,5,5,4,5,4,4,1,126,6bc77ca4018975e9ec09,0
91478,4,4,5,2,3,2,3,4,3,4,5,3,5,5,4,5,1,4,3,3,2,3,3,4,5,5,4,3,4,1,1,2,3,2,1,4,4,3,2,3,4,4,3,2,263,e5db14ea3ac46fafcbeb,0
91661,5,4,5,3,4,3,4,4,3,5,5,2,4,2,5,5,5,5,5,5,4,5,5,2,5,5,3,2,5,5,4,5,5,5,1,5,2,4,5,5,2,5,5,5,303,a4e05d68dc782d4a78e6,0
77434,1,4,5,3,4,4,4,4,5,5,3,1,5,3,5,3,5,4,4,4,5,5,5,5,4,1,4,5,2,3,4,5,4,5,2,3,2,2,3,4,4,4,4,2,333,0f0eeff3945dbdb6c99c,0
92256,3,4,4,1,2,4,4,4,5,3,3,1,4,4,2,4,4,1,3,2,4,4,4,5,3,2,2,4,,2,5,5,5,4,4,2,1,4,2,2,3,4,4,4,450,61a761ffc5fbfd4ef269,1
79643,5,5,2,1,2,3,5,5,2,4,5,4,4,5,2,4,5,5,5,4,1,4,4,5,2,4,2,2,4,2,1,5,3,4,2,5,4,3,1,3,5,5,4,1,291,fc35c1455f35618b4054,0
82123,5,5,4,1,4,3,5,2,4,5,5,1,4,1,4,5,5,4,1,4,1,5,4,4,4,5,1,2,3,5,1,5,5,5,2,5,1,2,1,3,2,5,4,2,424,47818b7fb11fbe92ce42,0
83553,2,,,,,,,,,,,,,,,,,,,,,,,,,,,,,,,,,,,,,,,,,,,,13,010b070ab454457c99e3,1
84818,4,5,3,5,5,3,5,4,4,5,3,4,3,4,5,5,5,4,4,5,4,3,3,1,4,4,4,3,4,5,4,4,3,3,1,5,3,3,4,5,1,2,4,5,369,273f325f22f61f48305e,0
85134,3,4,4,2,4,4,4,4,2,4,3,1,5,4,5,4,3,2,4,4,4,4,3,5,3,1,4,4,4,5,4,4,4,4,4,4,2,3,4,4,1,4,4,4,150,ae6628c69ca745a22fa3,0
86992,2,4,4,4,4,4,5,4,3,4,2,1,2,4,5,2,5,5,5,5,5,5,5,1,4,1,3,2,4,5,5,5,4,5,5,2,4,2,5,5,2,5,5,3,485,e1144a59d74ed78d37fc,0
87283,1,2,4,3,3,4,4,3,4,4,2,3,4,4,3,2,2,1,3,4,4,1,3,4,4,4,4,4,4,3,4,2,4,4,3,2,4,4,2,3,2,2,2,2,250,a4bbf04397ebeda101b1,0
89923,4,1,4,1,4,2,4,4,5,4,5,1,5,1,3,5,5,3,1,3,2,4,4,5,4,4,1,4,2,4,2,4,5,5,5,5,2,4,2,4,4,4,4,2,304,f906d3fbfd8dff91bf7d,0
93836,4,2,2,4,3,4,5,5,3,5,2,2,3,4,4,2,5,5,4,5,3,5,5,2,3,2,1,1,2,5,5,5,2,4,4,2,1,1,4,5,1,5,4,3,249,f1f72222b70185454a31,0
92229,4,4,3,4,2,2,4,1,1,4,2,1,4,3,2,1,2,5,4,5,5,4,5,2,1,1,1,1,1,3,4,4,4,3,2,1,4,2,2,5,4,5,5,1,403,b2966addb1910400da1c,0
92259,3,3,3,5,3,3,3,3,1,3,3,3,3,5,3,3,3,3,5,3,3,3,3,1,3,3,3,3,5,3,3,3,3,1,3,3,3,3,5,3,3,3,3,3,95,61a761ffc5fbfd4ef269,1
92426,3,1,4,4,5,4,5,4,2,5,4,1,5,3,4,3,3,1,3,5,3,5,2,2,3,5,2,5,1,4,1,4,5,5,3,3,1,5,1,4,1,2,1,5,152,4dc737f650afed4e798c,0
92508,4,5,2,4,3,1,5,4,2,5,1,4,2,4,4,3,5,5,5,4,2,4,5,4,4,4,4,2,4,3,4,4,2,3,4,4,4,4,4,2,4,2,5,2,160,776c6ba8e11135e2fa7e,0
92930,5,5,5,2,5,2,2,1,2,5,5,4,5,4,4,5,2,2,5,5,1,4,2,4,5,5,4,5,5,3,4,2,5,4,4,4,4,4,2,4,2,4,3,1,507,77bb67e9401f2d998930,0
94875,4,2,5,1,3,4,4,2,5,3,5,1,5,2,4,5,5,2,3,4,3,5,1,5,3,2,3,2,1,4,5,5,4,5,4,3,1,5,4,3,2,5,5,4,286,c8a3b77d04b65a09a3cb,0
94654,3,5,4,2,2,4,3,1,4,4,1,1,5,2,5,1,5,4,4,2,4,5,5,5,2,4,4,4,2,4,4,5,5,5,2,2,1,4,2,5,3,4,4,5,237,d623acd025190fcfe888,0
