testId,21,22,23,24,25,26,5,6,7,8,91,92,93,94,95,96,timeSpent,uid,ineligible
72255,,1,1,,1,1,,,,1,,1,1,,1,1,128,425dbabc24091907d6e6,0
72265,,,,,,1,,,,1,,,,,,1,137,113ab1b827a64a9ca403,0
72277,,,,,,1,1,,,,,,,,,1,97,6eacf51fb8ae2bf0fbef,0
72391,,1,1,,1,,,,1,,1,,,1,,,224,254ec965da30af0efda9,0
72421,,1,1,,1,1,,1,,,,1,1,,1,1,182,779720a86a20d8028fb8,0
72424,,,,,,1,,1,,,,1,,,,1,144,5da55ab384ed97d7ff94,0
72495,,1,1,,1,1,,,,1,,1,,,1,1,285,2645a9001ebbca58e748,0
72765,,,,,,1,,,,1,,,,,1,1,258,6474e531b61d1c298665,0
72981,,1,1,,1,1,,,1,,,1,1,,1,1,177,abe6fed0b1c29b35e5c2,0
72994,,1,,,,,,,,1,1,,,,,,114,b11b126565fed4014814,0
72634,,,,,,1,,1,,,,,1,,,1,177,5496ee6c5e1179fb7f8f,0
72948,,1,1,1,1,1,,,1,,,,,,,,78,93b6faa838da6855f121,0
73333,,1,1,,1,,,1,,,,,1,,1,1,206,a7218a5bd8f15b676e62,0
73555,,,,,,1,,,,1,,,1,,1,1,106,c0607cf2293dbe01d3ed,0
73627,,,,1,,1,,,,1,,,1,,,1,172,ff9e5b850516078820ae,0
73629,,,1,,,1,,,1,,,1,1,,,1,75,ff9e5b850516078820ae,1
73649,,1,,,,1,,,,1,,,,,1,1,118,9482e3a34cf39290189f,0
73737,,1,1,,1,1,,,,1,,1,1,,1,1,185,b54bba93647f4d149a6e,0
73744,,1,1,,1,1,1,,,,,1,1,,1,1,160,b4211abe38812cefe995,0
73845,,1,,,1,1,,1,,,,1,,,,1,76,b268bbe24a659fd07775,0
73876,,,,,,1,,,,1,,,1,1,1,1,93,643505aca0cda16756c0,0
73887,,,1,,1,1,,1,,,,,1,,1,1,85,f07b8833c6b68a83671e,0
73913,,,,1,,1,,1,,,,,1,,1,1,110,4a6669d76845a4771177,0
73920,,,,1,,1,,,1,,,,,,,1,97,d5c963799e15fb2b6b32,0
73944,,1,1,,1,1,1,,,,,1,1,,1,1,100,5e9bd9fa0e2b2c1d65c5,0
73986,1,,,,1,,,1,,,,1,,,,,118,73a428ea8827ffb7687a,0
73418,,,,,,,,,,,,,,,,,21,4a1f0fa3dcffd49aab23,1
73493,,,1,,1,1,,,1,,,1,1,,1,1,977,77069c60f8d57e2232c1,0
73770,,,,,,1,,,,,,,,,,,50,8da30b1ecf285ec0fe17,1
77626,,1,1,,1,1,1,,,,,1,1,,1,1,80,7bd53527331361fcdde9,0
77638,,,,,,1,,,1,,,,,,1,1,93,1b5d2c00395744fd5521,0
77646,,,1,,1,1,,1,,,,,1,,1,1,46,1b5d2c00395744fd5521,1
77658,,,1,1,,1,1,,,,,1,1,,,1,103,55f660a87f5bb7a72743,0
77679,,1,1,1,1,1,,1,,,,1,1,1,,1,116,1a7ce6b39b141127d5fe,0
77682,,1,1,1,1,1,1,,,,,1,1,,1,1,66,1a7ce6b39b141127d5fe,1
77702,,,,,,1,,,,1,,,,,,1,83,ac1856e16b24e85fb4c3,0
77712,,,,,,1,,,1,,,,,,,1,74,09ae670f8131c3753a7b,0
77718,,,,,,1,,,1,,,,,,,1,81,09ae670f8131c3753a7b,1
77726,,,,,,,,,,1,,,,,,1,67,09ae670f8131c3753a7b,1
77731,,1,,,,1,,1,,,,,,,,1,118,aa3b0013d4a833374eb0,0
77835,,,,,,1,,,,1,,,,,,1,87,9f1d30bab7b34996372b,0
77836,,1,1,,1,1,,,,1,,1,1,,1,1,112,f53d421fc139778687b9,0
77848,,1,1,,1,1,,,,1,,1,1,,1,1,47,f53d421fc139778687b9,1
77850,,1,1,,1,,,,,1,,1,1,,,1,81,21e098f4a89531cb3893,0
77861,,,1,,1,1,1,,,,,,1,,1,1,57,21e098f4a89531cb3893,1
77898,,,,,,1,,,,1,,,,,,1,208,4cf7006d70c72e2eafef,0
77927,,,1,,1,1,,,1,,,1,1,,1,1,131,144384d690abccfb5437,0
77961,,1,,,,1,,,,1,,1,,,,1,105,97ad77b818216e3a10d0,0
77969,,1,1,,1,1,1,,,,,1,1,,1,1,131,6941cbbad56e6371daf3,0
78020,,1,1,,1,1,,1,,,,1,1,,1,1,76,144384d690abccfb5437,1
78056,,1,1,,1,1,,,1,,,1,1,,1,1,132,66c71dedc4a7a17226a0,0
78084,,,,,,1,1,,,,,,,,,,61,a325d1e171f2c6f2b01e,1
78125,,1,1,,1,1,1,,,,,1,1,,1,1,108,6106eca228f0c1a5d7e1,0
78202,,,,,,1,,,1,,,1,,,,1,121,ea11538b2cac3118d30d,0
78226,,,,,,1,1,,,,,1,1,,1,1,88,5fe00c2a37d32ce8ae77,0
78231,,,1,,1,1,,1,,,,,,,,1,77,be0372abb9ed5e25665d,0
78255,,,,,,1,,,1,,,1,1,,1,1,116,1b141272be5878f8ca57,0
78361,,1,1,,1,1,,,,1,,,1,,1,1,110,d5ab19f1de7ae62973a9,0
78422,,,,,,1,,,,1,,,1,,1,1,86,1bd4d6853f4709dcd535,0
78429,,1,1,,1,1,1,,,,,1,1,,1,1,120,84440b6e2f7300a5b464,0
78435,,,,,1,,1,,,,,,,,1,,104,770e8a9799d756bc4bd2,0
78544,,,1,,1,1,1,,,,,,1,,1,1,118,76e2e7eabc164192aa7f,0
78558,,,1,,,,,,,1,,,1,,1,1,73,5c761f5779f2b6ff77e3,0
78600,,1,1,,1,1,,,1,,,1,1,,1,1,97,7b9a1acea6643e7f6ce0,0
78601,,1,1,,1,1,,,1,,,1,1,,1,1,109,1f6536fa86ccda3af638,0
78663,,,1,,,1,1,,,,,1,1,,,1,153,07766a2eacd70f5f4547,0
78702,,1,1,,,1,,1,,,,1,1,,1,1,150,b69b4a5799e20fac1dfa,0
78742,,,,,,1,,1,,,,,,,,1,64,d6b3439e0e87cad426f3,0
78753,,1,1,,1,1,,,,1,,1,1,,1,1,92,2df37b5aec4da689866b,0
78773,,,,,,1,,,1,,,,,,,1,85,74894d2b11ebadc40a9d,0
78796,,,1,,1,1,,,,1,,,1,,1,1,103,435a3301770d6bb405d5,0
78824,,,,,,1,,1,,,,,,,,1,86,8209f8fec129df7da99f,0
78854,,1,,,,,1,,,,,1,1,,,1,83,263d3a7d3bf36428ae39,0
78888,,,,,,1,,,1,,,,1,,1,1,93,bb1e5ff5f008fd10233a,0
78896,,1,1,,,1,,,,1,,1,1,,1,1,105,6860bdfe49b67ff5a463,0
78907,,1,1,,1,1,1,,,,,1,1,,1,1,83,bb1e5ff5f008fd10233a,1
78898,,,1,,,1,,,,1,,1,,,1,1,164,43f482f097ef0d3724fa,0
78939,,,,,,1,,1,,,,1,1,,1,1,132,296614fa8fcc7dabd019,0
79025,,,,,,1,1,,,,,1,,,,,224,c6e577d220a5aec27386,0
79077,,,,,,1,,,,1,,,,,,1,58,fe4370bb45713906279f,0
79075,,,1,,1,1,,1,,,,,1,,1,1,69,461477ab6ab7b78e28b9,0
79084,,,1,,1,1,,,1,,,,1,,1,1,93,7e5d956888733c4066cc,0
79098,,,,,,1,,,,1,,,,,,1,92,5fcd935bc6d3fb75ee41,0
79110,,1,1,,,1,,,,1,,1,1,,,1,167,0e40a8da95c26d4b96e7,0
79207,,,,,,1,,,1,,,1,,,,1,72,959ad05d055cd42dc107,0
79219,,1,1,,1,1,1,,,,,1,1,,1,1,56,959ad05d055cd42dc107,1
79224,,1,1,,,1,,,1,,,1,1,,,1,120,09e2f8ddc3b99329c679,0
79235,,1,1,,,1,1,,,,,1,,,,1,167,78859706823ae662a078,0
79255,,1,1,1,1,1,,,1,,,1,1,1,1,1,136,e5ba5eaf565a80723f83,0
79274,,,,,,1,1,,,,,1,,,,1,81,0a7206165eb399fa1559,0
79272,,1,,,1,1,,,1,,,,,,1,1,156,a4d488de676ae54cd0be,0
79293,,1,,,1,1,,1,,,,1,1,,1,1,69,a4d488de676ae54cd0be,1
79297,,1,1,,,1,1,,,,,,1,,,1,150,36b6eaa336a44e6c1da1,0
79333,,1,1,1,1,1,,1,,,,,1,,1,1,121,17ffb86c2218f3df5db7,0
79339,,1,1,,1,1,,,1,,,1,1,,1,1,115,0b0b032aa7235f8c0c7e,0
79451,,,1,,1,1,1,,,,,,1,,1,1,110,4a1482533941026c22c1,0
79475,,,,,,1,,,1,,,,,,,1,102,f343be8474dbc8ada506,0
79536,1,,1,1,,1,1,,,,,,1,1,1,1,111,aa913018a9a7bad95d58,0
79607,,,,,,1,1,,,,,,,,,1,92,925b3673a6e9308d89c3,0
79610,,,,,,1,,1,,,,1,,,,1,70,16423a5dec5862f4b63c,0
79604,,,,,,1,,1,,,,,1,,,1,119,3698630db512e9f51682,0
79601,,,1,,,1,1,,,,,1,1,,,1,253,3ee8bbe43e97062b5c39,0
79662,,,1,,1,1,,1,,,,,1,,1,1,110,cdebba616ca7b0f03dd1,0
79665,,,1,,1,1,,,1,,,1,1,,,1,197,19ddbfc550e57479dfc1,0
79686,,1,1,,1,1,,,,1,,1,1,,1,1,105,666595d563f067b5c93f,0
79683,,,,,,1,,,,1,,,,,,1,141,deaa8bf0395c88176672,0
79700,,,,,,1,1,,,,,1,1,,1,1,135,3fb5e007a0984f2a0320,0
79719,,,,,,1,1,,,,,,1,,1,1,80,011d6a1e6eeafd664d3e,0
79761,,1,1,,1,1,,,,1,,1,1,,1,1,104,647928ed313c5083e831,0
79784,,,,,,1,1,,,,,,,,,1,77,88df5806a717af081fb8,0
79792,,1,,,,,,1,,,,,,,,1,90,e662035f1821676f746b,0
79881,,1,1,,1,1,1,,,,,1,1,,1,1,102,76845e777904bf4892e7,0
79889,,1,,1,,1,,,,1,,1,1,,,1,141,2a2e4c69aea6f174d68e,0
79990,,,,,,1,,,,1,,,,,,1,58,7d8069afaa99d55dd1a0,0
79982,,,,,,1,,,,1,,,,,,1,126,80bda1f9473381687e9b,0
79986,,,1,,1,1,,,,1,,1,1,,1,1,149,28cd31cb0e36055c81da,0
80010,1,1,1,,,1,,1,,,,1,1,,1,1,114,a0bb435060aff4c0c3f6,0
80065,1,1,1,,1,1,,,,1,1,1,1,,1,1,172,ad7e5c54b7c066f87412,0
80087,,1,1,,1,1,,,1,,,1,1,,1,1,102,7f049ca9b31eb3d10a82,0
80089,,1,1,,1,1,,,,1,,1,1,,1,1,140,70a42cf3e060c3cca8e6,0
80155,1,,,,,,,1,,,,1,1,,,1,86,92bc4acb5f4bc5b74610,0
80165,,,,,,1,,,,1,,,,,,1,53,a8d4c1e1be0fdd33969a,0
80167,,,,,,1,1,,,,,1,,,,,66,95c39a9ec40e7000150c,0
80170,,1,1,,1,1,,,1,,,1,1,,1,1,127,b2b014b4ea270505f48a,0
80275,,1,1,,1,1,1,,,,,1,1,,1,1,72,76845e777904bf4892e7,1
80269,,1,1,1,,1,,,,1,,,1,,,1,195,be03f3455378ce347456,0
80295,,,,,,1,,1,,,,,,,,1,61,5eed3c571276e058f62e,0
80315,,,,,,1,1,,,,,,,,,1,101,0c868e8ca22b07efc39d,0
80324,,,,,,1,,,,1,,,,,,1,73,9198feac63c7e9c197f2,0
80350,,1,1,1,1,1,,,1,,,1,1,1,1,1,148,9140a5788b90c4ab872b,0
80356,,,,,,1,1,,,,,,,,,1,160,969330d9281d8351e847,0
80375,,1,,,,1,1,,,,,1,,,,1,124,969330d9281d8351e847,1
80420,,1,1,,1,1,1,,,,,1,1,,1,1,95,0747be0951084a419c68,0
80442,,,,,,1,,,,1,,,,,,1,84,0d210c819af888df135d,0
80453,,1,1,,1,1,1,,,,,1,1,,1,1,86,0d210c819af888df135d,1
80474,,,,,,1,,1,,,,,,,,1,99,2da8eb0d1790081c32c4,0
80565,,,,,,1,,,1,,,,,,,1,72,3b68ab7e7ac17862f6f4,0
80558,,1,,,,1,1,,,,,1,,,,1,107,99b0f09ed6fecfcdcda8,0
80602,,1,1,1,1,1,,,,1,,1,1,1,1,1,62,9140a5788b90c4ab872b,1
80637,,1,,1,1,1,1,,,,,1,,,,1,119,85394033d54f5b778b5a,0
80722,,,,1,,1,,,,1,,1,,,,1,184,51d2fa7d46020369f800,0
80762,,,1,,1,1,,,,1,,,1,,1,1,113,b46ebc46959af37e85b2,0
80863,,,,,1,1,1,,,,,1,,,1,1,120,13d20fa4245d995c0548,0
80862,,1,1,,1,1,1,,,,,1,1,,1,1,128,1a20358f15647b55ef53,0
81012,,,1,1,1,1,1,,,,,,1,,1,1,99,bb70635c028842605ccf,0
81092,,,,1,,1,1,,,,,1,,,,1,154,3ca38bf247e110f72cf1,0
81123,,,,1,,,,,,1,,,,,,1,79,cfdb0afeeb5163efc912,0
81183,,,,,,1,1,,,,,,1,,1,1,147,f40c5fef49f51b5b19a8,0
81239,1,1,1,1,1,1,,,1,,1,,1,1,1,,119,314d34aa6d2f3a8e5452,0
81243,,1,1,,,1,1,,,,,1,,,,1,150,28a25e0fb210850cc93b,0
81278,,,,,,1,,,1,,,,,,,1,90,0d0581c7529a9e1fee63,0
81286,,,,,,1,,,,1,,,,,,1,28,0d0581c7529a9e1fee63,1
81284,,1,1,,1,1,1,,,,,1,1,,1,1,152,4fd6443965af75ac06c3,0
81320,,,1,,1,1,,1,,,,,1,,1,1,103,c3a645542f351aead460,0
81423,,1,1,,1,1,,,,1,,,,,,1,108,48e5a4e3bc30a5ae5553,0
81503,,,,,,1,,,1,,,1,1,,,1,109,0c606ea9db08a284529d,0
81581,,1,1,1,1,1,1,,,,,1,1,1,1,1,160,6b79337537e9c7d5f801,0
81596,,,,,,1,1,,,,,,,,,1,92,a0040f5af92248d8bc38,0
81589,,1,1,,,1,,1,,,,1,1,,1,1,194,570f90852a9a5501c79e,0
81603,,,,,,1,,1,,,,1,1,,,1,184,ae7c4da0839cce80ff0c,0
81619,,1,1,,1,1,,,1,,,1,1,,1,1,104,90c61815effabd35428a,0
81623,,1,1,,1,1,,1,,,,1,1,,1,1,84,ae7c4da0839cce80ff0c,1
81661,,1,1,,1,1,,1,,,,1,1,,1,1,182,dede39fb2f059bb609f4,0
81671,,1,1,,1,1,,,1,,,,,,,1,116,3a4616d60231bc1ea37e,0
81675,,1,1,1,1,1,,,1,,,1,1,,1,1,126,9a6a67857787b033d037,0
81691,,1,1,,1,1,1,,,,,1,1,,1,1,44,3a4616d60231bc1ea37e,1
81760,,1,1,,,1,,,,1,1,,,,,1,157,4708bd72c85d89cef582,0
81844,,,,,,1,,,1,,,,,,,1,108,a1f1459b02988cfb8ed7,0
81874,,1,,,,,,,1,,,1,1,,1,1,93,3f950a7fb48de1c78c42,0
81877,,1,1,,,1,,,,1,,1,1,,,1,134,bd66808bc46919b4430b,0
81895,,1,1,,1,1,,1,,,,1,1,,1,1,156,f9180d9208a3ee1c8798,0
81883,,,,,,1,,,1,,,,,,,1,261,dfd953c28dfc94cb5436,0
81917,,1,1,,1,1,,,,1,,1,1,,1,1,106,dfd953c28dfc94cb5436,1
81932,,1,1,,,1,,1,,,,1,1,,,1,136,5df1d82d887a475159bf,0
81966,,1,1,,1,1,1,,,,,1,1,,1,1,176,663ff1395ba2e3c0e05f,0
82004,,,,,,1,,,1,,,,,,,1,66,baada99ed4ac0d75e41f,0
82037,,1,1,,1,1,1,,,,,1,1,,1,1,152,2eb55b972be9cf9239f9,0
82049,,,,,,1,,,1,,,,,,,1,89,6344325528dc23214733,0
82057,,1,1,,1,1,,,,1,,1,1,,1,1,95,ed0a5f21aa555f9b838f,0
82092,,1,1,,1,1,,,1,,,1,1,,1,1,51,4e1dd60744c5d75ecb9e,0
82083,,,,,,1,1,,,,,1,1,,1,1,136,1c675f43a27f7560889d,0
82091,,1,1,,1,1,1,,,,,1,1,,1,1,90,de80b44ffbf7b1e6c172,0
82213,,,1,,1,1,,,,1,,1,1,,1,1,112,31a5629cd52fac6faeeb,0
82242,,,1,,,1,,1,,,,1,1,,1,1,118,3bdcc19fc1ea92037bcc,0
82289,,,,,,1,,,1,,,,1,,1,1,131,f813f27e76e70551b81b,0
82308,,1,1,,1,1,,1,,,,1,1,,1,1,97,10e86af28b248ce3490e,0
82338,,,,,,1,,,1,,,,,,,1,71,18675c09ce7735435ab1,0
82348,,1,1,,1,1,,,1,,,1,1,,1,1,68,18675c09ce7735435ab1,1
82382,,1,1,,1,1,,1,,,,1,1,,1,1,108,5e305f8da603203d751d,0
82513,,,,,1,1,,,1,,,1,1,,,1,146,b58dc21fe5af70c6207b,0
82515,,,1,,1,1,,1,,,,1,1,,1,1,134,da10c15eeab27ca1ae4d,0
82530,,,,,,1,1,,,,,,1,1,,1,111,e5d40442b0c26dcd0bb2,0
82581,,1,1,,1,1,,,,1,,1,1,,1,1,98,5f242fb79d8664b6d7fd,0
82668,,,,1,,1,,,,1,,,1,,,1,99,da42274d08bd71ea39cb,0
82694,,1,1,,1,1,,1,,,,1,1,,1,1,233,23252ac8a8ca3766c942,0
82749,,,,,,1,1,,,,,1,,,,1,94,2ecbc0e9e9a357533f3f,0
82759,,,,,,1,,1,,,,,,,,1,161,c2041382dc154058f174,0
82764,,1,,,,1,1,,,,,1,,,,1,51,2ecbc0e9e9a357533f3f,1
82782,,,,,1,,,,,1,,,,,,1,114,653271fabeb5e4c6071c,0
82818,,,,,,1,,,,1,,1,,,1,1,168,8af0883e9630a9f4a6bb,0
82867,,,,,,1,1,,,,,,,,,1,98,aacb13e57df9c6b706e1,0
82887,,,1,,,,,,1,,,1,1,,,1,51,9b90dff46fdc9e127f1d,0
82885,,1,1,1,1,1,,1,,,,1,1,,1,1,219,530cc9e985b928f72955,0
82902,,1,1,,1,1,,1,,,,1,1,,1,1,118,7ff9860e029488db17ee,0
82920,,,,,,1,1,,,,,1,1,,1,1,84,5d46ebc73de9d4dd7245,0
82923,,1,1,,1,1,,,1,,,1,1,,1,1,38,5d46ebc73de9d4dd7245,1
83043,,,,,1,1,,1,,,,,,,,1,145,b2cb9928c63dc7bbc00c,0
83046,,,1,,1,1,,,1,,,,1,,1,1,146,f7cc47312c750f006b0a,0
83078,,,1,,1,1,1,,,,,,1,,1,1,40,f7cc47312c750f006b0a,1
83220,,,,,,1,1,,,,,1,,,,1,92,89025b760cd86b085b8b,0
83240,,,,,,1,,,1,,,1,1,,,1,155,0378ea69ff840052501e,0
83378,,,,,,1,,,1,,,,1,,,1,111,c1b389f82503c430bc6c,0
83396,,,,,,1,1,,,,,1,,,,1,139,06e7a103afa059bd7a8d,0
83433,,1,1,,1,1,,,,1,,1,1,,1,1,94,6a78eb111d20188d7d60,0
83517,,1,1,,1,1,,,,1,,1,1,,1,1,118,ad218371a4915a62b309,0
83520,,1,1,,1,1,,,1,,,1,1,,1,1,134,3127c0aee73b2d4a14c2,0
83605,,1,1,,1,1,,1,,,,1,1,,1,1,170,638d4a9a6933dad10de6,0
83633,,1,,,,1,1,,,,,1,,,,1,50,99b0f09ed6fecfcdcda8,1
83671,,,,,,1,,,,1,,1,,,,1,75,4cc7849170002fa2511e,0
83832,,1,1,,1,1,,1,,,,1,1,,1,1,171,68809b7c2424513b8aae,0
83837,,1,,,,,,,,1,,1,1,,1,1,125,b654d2e387d8d5f8e13a,0
83868,,,,,,1,,,1,,,1,1,,1,1,158,590a767597a37a97c6a9,0
83912,,,,,,1,,,1,,,,,,,1,94,bec4ea7971f27be99012,0
83927,,1,,,1,1,,,,1,,1,1,,1,1,61,b654d2e387d8d5f8e13a,1
83947,,,1,,1,1,,,1,,,,1,,1,1,131,9b616f6ad0243d6c5cc9,0
84045,,1,1,1,1,1,,,,1,,1,1,1,1,1,155,26c82f3523266ba76737,0
84047,,,1,,1,1,,,,1,,,1,,1,1,193,bf79807c68c7f298e468,0
84065,,,1,1,1,1,,,,1,,1,1,1,1,1,266,6f913c3afb95d0fd1fd7,0
84147,,1,1,,1,1,,1,,,,1,1,,1,1,98,75a1a06f322fe95829a4,0
84235,,1,1,,1,1,,,1,,,1,1,,1,1,163,4c24913675798b9f1644,0
84259,1,,,,,,,1,,,1,,,,,,108,158f6def84220f8fc1e4,0
84258,,1,1,,1,1,,1,,,,1,1,,1,1,144,149b98f5c71f34755119,0
84282,1,,,,,1,1,,,,,,1,,,1,107,24594655ab2f32751d0b,0
84297,1,1,1,1,1,1,,,,1,,,,,,1,91,689f03685f62c7ddcb69,0
84336,,,,,,1,,1,,,1,,,,,1,82,64a9dd1ebed8a7c245a9,0
84399,,,,,,1,,1,,,,,,,,1,104,e3f966ab40e56878758a,0
84420,,,,,,1,,,1,,,1,1,,1,1,169,d42db611f41f422be694,0
84440,1,1,1,1,1,1,1,,,,,,,,1,1,101,4521c36142ccb47d0055,0
84447,1,1,1,,1,1,1,,,,,,,,1,1,78,4521c36142ccb47d0055,1
84455,,1,1,,1,1,,1,,,,1,1,,1,1,136,3d332469aef2235ea21a,0
84531,,,1,,1,1,,,,1,,,1,,1,1,128,67b59d42fb0c763f829d,0
84557,,1,1,,1,1,,,1,,,1,1,,1,1,322,3515e87b8815cdd0c54a,0
84652,,1,1,,1,1,,,1,,,1,1,,1,1,128,2e960a35c90f524c2eca,0
84656,,,,1,,,,,1,,,,,1,,,157,25865aa664da19bfeea0,0
84701,,1,1,,1,1,,,1,,,1,1,,1,1,129,b2210eb87fbc446c87fa,0
84735,,1,1,,1,1,,1,,,,1,1,,1,1,111,1b5d2c00395744fd5521,1
84745,,,,1,1,1,,,,1,,,1,1,,1,123,59b0791a501fef837769,0
84920,,,,,1,1,,1,,,,1,1,,1,1,153,799162631b730e21d197,0
84945,,1,1,,1,1,,,,1,,1,1,,1,1,141,1d4c0735302f79f1f3df,0
84951,,,,,,1,,,,1,,,,,,1,97,e06647ef0801d82386ba,0
84965,,,1,,1,1,,1,,,,,1,,1,1,105,b8a37cad2b82cdc6466c,0
84955,,1,,,,1,,,1,,,1,,,,1,336,381823fe845682c4cd75,0
85016,,,,1,,,,1,,,1,,,,,,111,580b5638d6389cf0052d,0
85076,,,,,,1,,1,,,,,,,,1,116,5294e1d4ec634decd647,0
85112,1,,,,,,,1,,,,,1,,,,197,580b5638d6389cf0052d,1
85128,,,,,,1,1,,,,,1,1,,1,1,109,6cce4adf35038097bab5,0
85165,,,1,,1,1,,1,,,,,1,,1,1,142,694c764233582cbe11e8,0
85171,,,1,,1,1,1,,,,,,1,,1,1,40,694c764233582cbe11e8,1
85169,,,,,,1,,,1,,,,,,,1,85,177336443946db1ea86d,0
85185,,,,,,1,,,,1,,,,,,1,47,5294e1d4ec634decd647,1
85206,,1,,1,,1,1,,,,,1,,,,1,113,e26f27794f0e20fc01a3,0
85213,,,,,,1,,1,,,,,,,,1,74,15e518542afb9461c5b4,0
85252,,,,,,1,1,,,,,,,,,1,132,d9eada4db38b5a100f93,0
85277,,,,,,1,,,,1,,1,1,,1,1,128,126a25afa450dd3fc5b5,0
85331,,1,,1,1,1,1,,,,1,1,,1,1,1,103,cc81bb5d08c383e80bd3,0
85353,,,,,,1,,1,,,1,1,,,,1,151,a6b7d720dafa5d9524f3,0
85357,,1,1,,1,1,,,,1,,1,1,,1,1,140,a50842973c1c94de18c1,0
85377,,,,,,1,1,,,,,,,,,1,75,990096889f57b2061fb3,0
85387,,,,,,1,1,,,,,1,1,,1,1,132,90209274d105bb1e5d57,0
85398,,1,1,1,1,1,,,,1,,1,1,,1,1,122,cb4db381156845d040ed,0
85495,,1,1,,1,1,1,,,,,1,1,,1,1,175,8bc515059f1dbc4688b7,0
85521,,,,,,1,,,,1,,1,1,,,1,107,4d155fe202d1f3b52a49,0
85569,,,,,,1,,,1,,,1,1,,1,1,113,5eb7373211d7d8e6684b,0
85580,,,1,,,1,,1,,,,1,1,,1,1,133,1de5f3cc9117824bb622,0
85609,,,,,,1,,,,1,,,,,,1,78,c7ed23e226e394715a73,0
85642,,,1,1,,1,,,1,,,,,,,1,56,727313d76d9d00a769cd,0
85650,,,,,,1,,,,1,,,,,,1,33,727313d76d9d00a769cd,1
85670,,,,,,1,,,,1,,,,,,1,111,0d876adb92efe25d0ba5,0
85718,,,,,,1,,,,1,,1,1,,1,1,152,60446b5045fd82a0c246,0
85786,,,1,,1,1,,,,1,,1,1,,1,1,118,0081b6679872f57bc944,0
85836,,,1,,1,1,,1,,,,,1,,1,1,142,61ca9ac9170e5ccb1aa8,0
85880,,,,,,1,,,,1,,,,,,1,100,cd235aad3c6fd12e0ac6,0
85929,,,,,,1,1,,,,,,,,,1,68,09364cad06642b4df975,0
85930,,1,1,,1,1,,,,1,,1,1,,1,1,51,09364cad06642b4df975,1
85946,,1,1,,1,1,,,,1,,1,1,,1,1,136,9ccba87210d351410432,0
85950,1,,1,,1,1,,1,,,,,,,,,280,3223005d463c66742ea5,0
85973,,1,1,,1,1,,,,1,,,1,,1,1,77,2ffe7914ae4343151a13,0
85981,,,,,,1,,,,1,,1,,,,1,162,e24cfdc567e3ee409b14,0
86020,,,,,,1,,,,1,,,,,,1,66,87ba2297875e975e9fdd,0
86042,,,,,1,,,1,,,,,,,,1,177,2d85b0cc98fc0f01255c,0
86063,,1,,,,1,,,,1,1,,,,,1,35,e24cfdc567e3ee409b14,1
86059,,1,1,,1,1,,,1,,,1,1,,1,1,132,d0a66b5241a765c0e99e,0
86083,,1,1,,,1,,1,,,,1,,,1,1,127,21d7802f331a70abf592,0
86114,,,1,,1,1,,,1,,,1,,,1,1,137,8d23a1c9c064ca0c5c76,0
86131,,,1,,1,1,,,,1,,,1,,1,1,49,8d23a1c9c064ca0c5c76,1
86181,,1,1,,1,1,1,,,,,1,1,,1,1,57,d0a66b5241a765c0e99e,1
86235,,1,1,,,1,1,,,,,1,1,,,1,131,679dd607383bdbc736a3,0
86242,,1,1,,1,1,1,,,,,1,1,,1,1,131,a9688a549d9f8d5c1072,0
86254,,,,,,1,,,,1,,1,,,1,1,219,61831589dd429e16d80b,0
86264,,,,,,1,,,1,,,1,1,,1,1,90,864a8ff9dcbefaf8cf66,0
86296,,1,1,,1,1,,,1,,,1,1,,1,1,48,864a8ff9dcbefaf8cf66,1
86295,,,,,,1,,,,1,,,1,,1,1,90,f75eb4ae48c58a561c3c,0
86364,,,,,,1,,1,,,,,,,,1,38,87ba2297875e975e9fdd,1
86370,,,,,,1,,,1,,,1,,,,1,67,126a25afa450dd3fc5b5,1
86388,,1,1,,1,1,,,,1,,1,1,,1,1,116,ebda574062db74d0d445,0
86433,1,,,,,1,,1,,,1,,,,,1,125,1b6aa6cf7d583be315bd,0
86503,,,,,,1,,,1,,,1,,,,1,86,72d6b8e6fd1f658859d5,0
86562,,,,,,1,,1,,,,,,,,1,71,376a4eba049df04d2af3,0
86567,,1,1,1,1,1,,,1,,,,1,1,1,1,153,eba06ba34e3fc6bd26f6,0
86627,,,1,,,1,1,,,,,,1,,1,1,70,52abbe9d7fb51fa8bc14,0
86666,,,,,,1,,,,1,,,,,,1,68,4c090012bc631d653c16,0
86668,,1,1,,1,1,1,,,,,1,1,,1,1,187,106f889517c5796eff4a,0
86703,,1,1,,1,1,,,,1,,1,1,,1,1,114,5085d8beba836db92bb9,0
86714,,,,,,1,,1,,,,,1,,,1,131,5cc5c5253ca0dd43f6f1,0
86746,,,,,,1,,1,,,,,,,,1,99,c4df9ea4e05dfb6511b9,0
86757,,,,,,1,,,,1,,,,,,1,63,ed22f95390ee9da01665,0
86764,,1,1,,1,1,1,,,,,1,,,,1,99,317fb6945232ab685582,0
86767,,1,1,,1,1,,1,,,,1,1,,1,1,62,317fb6945232ab685582,1
86812,,1,1,1,1,1,1,,,,,1,1,1,1,1,95,eba06ba34e3fc6bd26f6,1
86839,,,1,,,,1,,,,,1,,,,1,45,be0372abb9ed5e25665d,1
86875,,,1,,1,1,1,,,,,,1,,1,1,220,be43f36321beab09e5da,0
86988,,,,,,1,,,1,,,,,,,1,86,0f47a40c96282bce1a3a,0
87034,,,,,,,,,,1,,,1,1,,,26,11255cfb04dc93f261db,0
87042,,,,,,1,,,1,,,1,1,,1,1,99,16eacdb407bd48b6fde5,0
87074,,,,,,1,,1,,,,,,,,1,80,4b900a756200d1033d3e,0
87077,,,,,,1,,,1,,,,,,,1,30,4b900a756200d1033d3e,1
87163,,,,,,1,,,1,,,1,1,,1,1,148,c80277a7ba06c7d9b957,0
87179,1,1,1,1,1,1,,1,,,,1,,1,1,1,172,11ac77879086bd1d8872,0
87191,,1,,,1,1,,1,,,,,1,,,1,187,ca616f9411862e6f2a25,0
87196,,,1,,,,,,,1,,1,1,,1,1,103,08ad8492f07002c3dec7,0
87201,,1,1,,1,1,1,,,,,1,1,,1,1,52,08ad8492f07002c3dec7,1
87226,,,,,,1,1,,,,,,,,1,1,111,2c148e543bc44118f737,0
87239,,,,,,1,,,,1,,,,1,,1,96,81a63218008c3b010455,0
87292,,,,,,1,1,,,,,,,,,1,84,ecc7c9c1ccb0b0aa6438,0
87295,,,,,,1,,,1,,,,,,,1,26,ecc7c9c1ccb0b0aa6438,1
87317,,,1,,1,1,,,,1,,,1,,1,1,90,716ad1f12315f883701e,0
87412,,1,1,,1,1,,1,,,,1,1,,1,1,128,44060a63c314693a567e,0
87416,,1,1,,1,1,1,,,,,1,1,,1,1,93,44060a63c314693a567e,1
87471,,,,,,1,,,1,,,,,,,1,147,1cae4a7c90e692547f60,0
87503,,1,1,,1,1,1,,,,,1,1,,1,1,3246,2d117bd0f7c0c8701ee7,0
87558,,,,,,1,1,,,,,,,,,1,95,9450bf06cb86644ff813,0
87586,,,,,,1,,1,,,,,,,,1,115,cc17f00d10055c14140e,0
87630,,1,1,,1,1,,1,,,,1,1,,1,1,139,a41fd856d55d047208ef,0
87666,,,,1,,1,,,1,,,1,1,,,1,93,b13ab03b5ac8741fba1f,0
87692,,1,1,,1,1,1,,,,,1,1,,1,1,124,aa0dea3d4804e3533cf1,0
87695,,1,1,,1,1,,1,,,,1,,,1,1,126,ae8bc3c04d0057d19449,0
87713,,,1,,1,1,,1,,,,,1,,1,1,51,ca616f9411862e6f2a25,1
87729,,,1,1,,1,,,,1,,,1,,,1,66,59b0791a501fef837769,1
87767,,1,1,,,,1,,,,,1,1,,1,1,97,848f40659a6be2a0f947,0
87805,,,,,,1,,1,,,,,,,,1,63,7cacd69df806a06300df,0
87823,1,,,,,,1,,,,,,,,,1,56,44cfd7dcf17aa3c6b409,0
87898,,,,,,1,,,,1,,,,,,1,38,44cfd7dcf17aa3c6b409,1
87911,,1,,,1,1,1,,,,,1,1,,1,1,117,83308134e60af034fb58,0
87919,,,1,,1,1,,,1,,,,1,,1,1,180,07a0c86e2387d2337151,0
87954,,1,1,,,1,,,1,,,1,1,,,1,104,7110e8e7b26a1091ad74,0
87956,,1,,,,1,1,,,,,1,1,,1,1,71,241e735171557bd9eb38,0
87955,,1,1,,1,1,1,,,,,1,1,,1,1,103,203423510a3744105d39,0
87959,1,1,1,,1,1,1,,,,,1,1,,1,1,38,241e735171557bd9eb38,1
87994,,1,1,1,1,1,,,,1,,,1,,1,1,127,035fe0e129c3ec4d53de,0
88000,,1,1,,1,1,,,1,,,1,1,,1,1,124,0cc7d123e0e61ef29973,0
88011,,,,,,1,,,,1,,,,,,1,103,a63356ec6724a0b0d7cb,0
88034,,1,1,,1,1,,1,,,,1,1,,1,1,75,035fe0e129c3ec4d53de,1
88038,,1,1,,1,1,,,1,,,1,1,,1,1,62,a9688a549d9f8d5c1072,1
88064,,,,,,1,,,1,,,1,,,,1,135,1a00bdab9fd9fb8b42e6,0
88152,,,,,,1,,,,1,,,,,,1,142,0bff0b5febf470a965ef,0
88160,,1,,,,1,,,,1,,,,,,1,73,8fc774c024482fb283be,0
88203,1,,,,,1,,,,1,1,,,,,1,33,0bff0b5febf470a965ef,1
88278,,,,,,1,,1,,,,,,,,1,152,4354657f374dabad2b80,0
88289,,1,1,,1,1,,1,,,,1,1,,1,1,153,994b1668d6f2ec3795d8,0
88365,,1,1,,1,1,1,,,,,1,1,,1,1,123,9f04ee1c8ce91dc68f58,0
88432,,,,,,1,,,,1,,,,1,,1,79,d19c5f455d39b8db3a21,0
88530,,1,1,,1,1,,1,,,,1,1,,1,1,140,0802c2b931c7eec8060e,0
88553,,,,,,1,,1,,,,,1,,1,1,80,3ad127403ba4e318dafa,0
88558,,1,1,,1,1,,,1,,,1,1,,1,1,178,b0a367df24e745e3cf17,0
88627,,,,,,1,1,,,,,1,1,,1,1,32,b0a367df24e745e3cf17,1
88653,,,,,,1,,,1,,,,,,,1,35,d19c5f455d39b8db3a21,1
88663,,,1,,1,,1,,,,,,,,1,,279,670046e7fdd5a9fc65e3,0
88707,,,,,,1,,1,,,,,,,,1,101,344a7a7e0fe50adc0f1d,0
88819,,1,1,,1,1,,,1,,,1,1,,1,1,162,8cd9d8ca6b0b0ea1afef,0
88828,,1,1,,1,1,,,,1,,1,1,,1,1,186,ac12b7d69116105386f8,0
88876,,1,1,,1,1,,,1,,,1,1,,1,1,60,ac12b7d69116105386f8,1
88940,,1,1,,1,1,1,,,,,1,1,,1,1,128,de6a52bd0a4bab79b338,0
89030,,,1,,1,1,,,1,,,,,,,1,118,9ec29d6c9f1708495aa8,0
89103,,1,,1,,1,1,,,,,1,,,1,1,98,476b6bebccf61ece7757,0
89104,,,,,,1,1,,,,,1,1,,,1,123,f1250b4caa190e79ee32,0
89106,,1,,,1,1,1,,,,,1,,,1,1,59,476b6bebccf61ece7757,1
89130,,,1,1,1,1,,,1,,,,1,1,1,1,182,63fcb0f23da57f3304ad,0
89162,,1,1,1,,1,,,,1,,,,,,1,188,5fcba5d5a61a781d0f48,0
89209,,1,1,,1,1,,1,,,,1,1,,1,1,154,581bd217975908cd989c,0
89266,,,1,,1,1,1,,,,,,,,,,144,cfa0d50bc320b0b90a5e,0
89359,,,,,,1,,,,1,,,1,1,1,1,93,5ade6f552d527f458458,0
89378,,1,1,1,1,1,,1,,,,1,1,,1,1,137,756ad25861bd3adfeb70,0
89402,,,,,,1,,1,,,,,,,,1,87,f447f372df8c56d0bb5d,0
89405,,,,,,1,,,,1,,,,,,1,30,f447f372df8c56d0bb5d,1
89406,,,,,1,1,1,,,,,,1,,1,1,162,277912969f9792ac1a7b,0
89401,,,,,,1,,1,,,,,,,,1,349,98f3ddd73b21b3fe312a,0
89450,,,,,,1,1,,,,,1,,,,1,92,083ac9c210bb5d50dcca,0
89482,,,,,,1,1,,,,,1,1,,,1,187,b151959755837a20336f,0
89494,,,,1,1,1,,,1,,,,,1,1,1,126,64414c38c8082ebdf8fc,0
89544,,,,,,1,1,,,,,1,,,,,87,c91e8a8242e8579ddf0b,0
89554,,,,,,1,1,,,,,,,,,1,48,98f3ddd73b21b3fe312a,1
89568,,,,,,1,,,1,,,,,,1,1,96,f9b23b582c9f213372a6,0
89614,,1,1,,,1,,,,1,,1,1,,,1,323,6cf3be4925add6e03261,0
89631,1,,1,,1,,,,1,,1,1,1,1,1,1,164,635a4f6658e98eecdb0b,0
89632,,,,,,,,1,,,,1,1,,,1,79,6cf3be4925add6e03261,1
89645,,1,,,1,1,,,1,,,1,,,1,1,107,6b286cf49485238cee46,0
89677,1,1,1,1,1,1,,1,,,1,1,1,1,1,,33,635a4f6658e98eecdb0b,1
89684,1,1,1,1,1,1,,,,1,,,1,,,1,51,635a4f6658e98eecdb0b,1
89685,1,1,1,,1,1,,,,1,1,1,1,,1,1,34,635a4f6658e98eecdb0b,1
89761,,,1,,1,1,1,,,,,,1,,1,1,196,a4327bf2f6d6a0d67310,0
89787,,,,,,,,,,1,,1,1,,1,1,77,f70362ead53dad07fa70,0
89826,,1,1,,1,1,,,,1,,1,1,,1,1,126,6e3830a8f2890bc5dd31,0
89830,,,,,,1,,,,1,,,,,,1,902,cadc2333565e7ee3b14e,0
89879,,1,1,,1,1,,,,1,,1,1,,1,1,202,a72919d79cdd10081bcd,0
89890,,1,1,,,1,,,,1,,1,1,,1,1,135,92aa019f60b56601ab84,0
89919,,,,,,1,1,,,,,,,,,1,128,ec19a3f0b87bb5df66d9,0
89945,,,,,,1,,,,1,,,,,,1,56,19fddb79bcc2f58c3391,0
89971,,1,1,,1,1,1,,,,,1,1,,1,1,201,959811dea5980115be1c,0
90016,,1,1,,,1,1,,,,,1,1,,,1,157,efb535c4d4438fccfa75,0
90022,,,,,,1,,,1,,,1,1,,1,1,242,ce22cd618788aafbad0d,0
90081,,,,,,1,,1,,,,,1,,,1,121,399a1609ff1d07b2644c,0
90103,,,,,,1,,,,1,,1,1,,1,1,143,99b29a597e51a7dd2afe,0
90125,,,1,,,1,,1,,,1,,,,,1,141,45f50d9fd172ebd3dcc9,0
90126,,1,1,,1,1,,1,,,,1,1,,1,1,175,0cb372773190c6eaee92,0
90124,,,,,,1,,,,1,,,,,,1,268,5111656087213a604dc6,0
90130,,,,,,1,,1,,,,,,,,1,58,5111656087213a604dc6,1
90256,,1,,,1,1,1,,,,,1,1,,,1,105,190649623a116d0009aa,0
90266,,1,1,,1,1,1,,,,,1,1,,1,1,108,a2693d54ad0cdf1881f2,0
90294,,,1,,1,,,,,1,,1,1,1,1,1,84,a67cae09235149975dac,0
90365,,,,,1,1,,,1,,,,1,,1,1,154,184c31f2c01099605998,0
90403,,1,1,1,1,1,,1,,,,1,1,,1,1,69,a67cae09235149975dac,1
90417,1,,,,,,,,,1,,,1,1,1,1,56,626248d084fc85679715,0
90438,,,,,,1,,1,,,,,,,,1,65,0ebbefb823eecda5dc5b,0
90439,,1,,,,1,1,,,,,1,,,,1,41,083ac9c210bb5d50dcca,1
90562,,1,1,,1,1,1,,,,,,1,,1,1,142,19fddb79bcc2f58c3391,1
90567,1,1,1,,,1,1,,,,1,,1,,,1,88,947a01b1118b97cf12aa,0
90582,,,,,,1,1,,,,,,,,,1,88,d38d0e1ddc22c137a59e,0
90667,,,,,,1,,1,,,,,,,,1,102,7f369d0a41519afab2be,0
90670,,,,,,1,,,,1,,,1,,1,1,71,41cb5d1f1050eba8deb3,0
90702,,1,,,1,1,,1,,,,1,1,,1,1,444,2e26d467b49ce2755d28,0
90729,,,,,,1,,,1,,,,,,,1,88,f704e092f2e4beb54b31,0
90762,,,1,,1,1,1,,,,,,1,,,1,96,7be60bc9e5d8249ab8ff,0
90872,,,,,1,,,,1,,,,,,,1,126,524e61c893f67fe645b7,0
90885,1,,1,,,1,1,,,,,,,,,1,115,604e14cf358ed59dc795,0
90927,,,,,,1,,1,,,,,,,,1,107,dc5d4243f9a1633729dc,0
90995,,,,,,1,,1,,,,,1,,1,1,140,49af6338c0bcd99f899c,0
91007,,,,,,1,,,,1,,1,1,1,1,1,101,7634bce974de43d7048e,0
91039,,1,1,,1,1,,1,,,,,1,,1,1,128,13456fc7a38e5d320825,0
91128,,,,,,1,,1,,,,,,,1,1,93,eb420a1fefc5e5062580,0
91138,,,1,,,,1,,,,,,,1,,,107,33a88d9d5287e88687f9,0
91174,,,,,,1,,,1,,,,,,,1,73,c6df356fd166d37fe2dd,0
91234,,1,,,,1,1,,,,,1,,,,1,116,69a1f0be520f8c7a3642,0
91236,,1,,,,1,,,1,,,1,,,,1,32,69a1f0be520f8c7a3642,1
91276,,,1,,1,1,,,1,,,1,1,,1,1,150,782e731d1ba35ba37a3d,0
91323,1,,,,,,,,,1,,,,,,1,94,5bfe57594aa4aa172c11,0
91356,,,,,,1,,,1,,,1,,,,1,115,b92199f6d276d39b09ee,0
91357,,,,,1,1,,1,,,,,,,1,1,104,50610a399599e9972aa2,0
91398,,,1,,,,,1,,,,,,,,1,65,9b380d9e0e2392df5e8a,0
91403,,,,,,1,1,,,,,,,,,1,57,5295eb1610ef5c0d9271,0
91491,,1,1,,1,1,,1,,,,,,,,,92,eb420a1fefc5e5062580,1
91495,,1,,,,1,,,,1,,,,,,,67,eb420a1fefc5e5062580,1
91509,,1,1,,1,1,1,,,,,1,1,,1,1,142,33551d13efa2e3330376,0
91551,,1,1,,1,1,,,1,,,1,1,,1,1,172,81910a6d18b325d471ea,0
91569,,1,1,1,,1,,,1,,,,1,,,1,124,b12ca45b99422654fa64,0
91585,,,,,,1,,,1,,,1,1,,1,1,159,bf43aef47fa59cc6e08c,0
91685,,,,,,1,1,,,,,,,,,1,61,727c4e75212e48b8581d,0
91687,,,,,,1,,1,,,,,,,,1,34,f112739979b444e752c6,0
91720,,,,,1,1,,,,1,,1,1,,,1,150,addec27ed6e5e14ee0c0,0
91760,,1,1,,1,1,,,,1,,1,1,,1,1,102,9321beb85c3dea698e3a,0
91771,,,,,,1,,,1,,,,,,,1,61,7839ed49af1e349ea7a1,0
91785,,,1,,1,1,,,,1,,1,1,,1,1,61,756f42f950091636209d,0
91812,,,,,,1,,1,,,,,,,,1,66,f6d8b4d112ee39468092,0
91816,,,1,,1,1,,1,,,,,1,,1,1,111,c24499daccb93f4f3012,0
91850,,1,1,,1,1,1,,,,,1,1,,1,1,154,08f2a925eec924f82ce1,0
91892,,1,1,,1,1,,1,,,,1,1,,1,1,247,bb79570e64c6386a9611,0
91918,,,,,,1,,1,,,,1,1,,1,1,110,a00af6f75c397d8a98c0,0
91956,,1,1,,1,1,,1,,,,1,1,,1,1,117,c2d9104a490c727f1793,0
91965,,,,,1,,,,1,,,,,,,1,83,660ba629458bb2bace52,0
92020,,,,,,1,,,1,,,,,,,1,76,e937c674e7d7b9536669,0
92050,,,,,,1,,1,,,,,,,,1,104,7166469b4aba144e4c82,0
92066,,,,,,1,1,,,,,,,,,1,37,7166469b4aba144e4c82,1
92077,,1,1,,1,1,,,,1,,,1,,1,1,153,d9d638a03338d439e3cc,0
92086,,,,,,1,,,,1,,,1,,1,1,110,26c786f3a82dd7f6d77d,0
92114,,1,,,,,1,,,,,1,,,,,91,c397d5b89676e4e4f183,0
92151,,,1,,1,1,,1,,,1,,1,,1,1,125,127e3bf6e09c42051d56,0
92168,,,,,,1,,1,,,1,,,,,,91,a62909775f1cd3e83cb7,0
92172,,,1,,1,1,1,,,,,1,1,,1,1,89,73e1c3d6b0674107bd19,0
92228,,,,,,1,1,,,,,,,,,1,79,f2f22b845506fbaef6d6,0
92262,,,,,,1,,1,,,,,,,,1,341,445b540587ef4d134df3,0
92277,,,,,,1,,1,,,,,,,,,70,0eceea6b80ddbf9682ac,1
92285,,,,,,1,1,,,,,,,,,1,95,f2c7ffebaa7d9250d0dc,0
92294,,1,1,,1,1,,,1,,,1,1,,1,1,114,bead95ca44d2c11f9d35,0
92296,,1,1,,1,1,,,,1,,1,1,,1,1,32,bead95ca44d2c11f9d35,1
92315,,1,1,,1,1,,,1,,,,1,,1,1,71,f2c7ffebaa7d9250d0dc,1
77944,,,,,,,,,,,,,,,,,107,e24cfdc567e3ee409b14,1
92349,,,,,,1,,,,1,,,,,,1,53,561d050bcd8327a136e2,0
78147,,,1,1,1,1,1,,,,,1,,,,1,145,c9152e3d74d49ab4601d,0
92379,,,,,,1,,,1,,,,,,,1,112,0560b1b506232b55d691,0
78421,,1,1,,1,1,1,,,,,,,,,,166,2d0d3753356c5a3a8225,0
92430,,,,,,1,,1,,,,,,,,1,28,0560b1b506232b55d691,1
78757,,1,1,,1,1,,,1,,,1,1,,,1,77,4bf5cec17a4945e882dc,0
78915,,,,,,,,,,,,,,,,,4,bb1e5ff5f008fd10233a,1
78978,,,,,,1,,1,,,1,,,,,,79,2c2d747517bfbec85e59,0
78983,1,1,1,1,1,1,,1,,,,,,,,,52,e58207dfe55018de4220,0
79251,,1,1,,,1,,,,,,,,,,,16,78859706823ae662a078,1
79382,,,,,,,,,,,,,,,,,9,78859706823ae662a078,1
79628,,,,,,1,,,1,,,,,,,1,823,925b3673a6e9308d89c3,1
80311,,,,,,,,,,,,,,,,,18,c168fc19291373193761,1
80480,,1,1,1,1,1,1,,,,,,,,,,87,e7a061b28ff718e19efb,0
92479,,1,,,1,1,,1,,,,1,1,,1,1,138,7ee0c5bae99707b6b52a,0
80608,,,1,,,1,,,1,,,,,,,,62,1531c8101d91ff3cc2f9,0
80610,,,1,,1,,,,1,,,,,,,,235,7c947b03818eb518e61b,0
80666,,1,,1,1,1,,,,,,,,,,,73,b22896ed002a969dd508,0
80758,,,,,,,,,,,,,,,,,17,b46ebc46959af37e85b2,1
92526,,1,,,1,1,,,1,,,1,,,1,1,134,30fc4406d5f36689437f,0
81300,,,,,,,,,,,,,,,,,10,4fd6443965af75ac06c3,1
81640,,,,,,,,,,,,,,,,,48,6d88b6921235cce036c3,1
81693,,,,,,,,,,,,,,,,,6,9a6a67857787b033d037,1
81912,,1,1,,1,1,,1,,,,1,1,,1,1,78,f9180d9208a3ee1c8798,1
81947,,1,1,,,1,,1,,,,1,1,,,1,40,5df1d82d887a475159bf,1
82078,,1,1,,1,1,,,,1,,,,,,,81,4e1dd60744c5d75ecb9e,1
82618,,,,,,1,,,,1,,1,,,,1,82,d5f00b8037b9b7aff883,0
92603,1,1,1,1,1,1,,,,1,1,1,1,1,1,1,55,5b0dbff043143e451ef4,0
82904,,,,,,,,,,,,,,,,,7,7ff9860e029488db17ee,1
92625,,1,1,,1,1,1,,,,,1,1,,1,1,188,0553573dddca5090145a,0
83076,,1,1,,1,1,1,,,,,,,,1,1,150,a6e7488d981815f21c29,0
92648,,1,1,,1,1,,1,,,,1,1,,1,1,81,127e3bf6e09c42051d56,1
92703,,1,1,,1,1,,1,,,,1,1,,1,1,143,bf2be152589dbd855ddf,0
83468,,,,,,1,1,,,,,,,,,1,98,cdfd881bdcfb4c7c9a0f,0
83516,,,,,,,,,,,,,,,,,15,ad218371a4915a62b309,1
84017,,,1,,1,1,,,,1,,,1,,1,1,152,dfc8310106a9864abf68,0
84046,,1,1,,1,1,,,1,,,,1,,1,1,153,fd5eb40c9a6fa3a22be6,0
84191,,1,1,,1,1,1,,,,,1,1,,1,1,111,db21c607b94695cd14ce,0
84226,,1,1,1,1,1,,,,1,,,,,,,72,fe64b841e98ccbc3c590,0
92908,,,1,,,1,,,1,,,,1,,,1,205,83dc7c49011ac83eec20,0
92919,,,,,,1,1,,,,,1,,,,1,99,aa89f42705a5440cf7cc,0
84466,,1,1,,1,1,1,,,,,1,1,,1,1,149,3dab31869de06518b0be,0
84799,,,,,,,,,,,,,,,,,26,e06647ef0801d82386ba,1
84956,,,,,,1,1,,,,,,,,,1,33,e06647ef0801d82386ba,1
84959,,,,,,,,,,,,,,,,,11,1d4c0735302f79f1f3df,1
85176,,1,1,,1,1,1,,,,,1,1,,1,1,95,c9c79c0cdcd673014eee,0
85474,,1,1,1,1,1,1,,,,,1,1,1,1,1,177,1f4f7cfffaee03cade83,0
85594,,,1,,1,1,,1,,,,,,,,,188,9411d8300fd1360145a6,0
85861,,,,,,1,,,,,,,,,,,57,06b81976c253d43dcfac,1
86429,,,,,,,,,,,,,,,,,62,07a0c86e2387d2337151,1
93112,,1,1,,1,1,,,,1,,,1,,1,1,97,f51ad2cba34e61f0a272,0
93117,,1,1,1,,1,1,,,,,1,1,,,1,98,2b5e4a548d1cbbb7043b,0
93119,,1,1,,1,1,1,,,,,1,1,,,1,147,5393cbd22650f613b453,0
86716,,,,,,,,,,,,,,,,,9,5cc5c5253ca0dd43f6f1,1
87126,,1,,1,1,1,,1,,,,1,1,,1,1,106,d585211854bbf5f33cb6,0
93213,,,,,,1,,,,1,,,,,,1,82,85770d5d5da997aad9d3,0
87327,,1,1,1,1,1,,1,,,,,,,,,88,0c4bbad92ad7f6ba88ca,0
87358,,1,1,,,1,,,,,,,,,,,23,139dd6a1299de944c451,0
93284,,,,,,1,,1,,,,,1,,,1,107,637cb26f04c707efa5a3,0
87875,,,1,,,1,,,,,,,,,,,55,64a9dd1ebed8a7c245a9,1
88039,,,,,,,,,,,,,,,,,6,a9688a549d9f8d5c1072,1
88232,,,,,1,1,1,,,,,,,,,,137,07d844ec616dab51f7ab,0
93349,,,,,,1,,1,,,,,,,,1,110,2c44cb13529b8586a0c7,0
93350,,1,1,,1,1,1,,,,,1,1,,1,1,144,2c44cb13529b8586a0c7,1
88297,,,,,,1,,1,,,,,,,,1,59,4354657f374dabad2b80,1
88332,,,,,,1,,,,1,,,,,,1,170,4354657f374dabad2b80,1
88359,,,,,,1,,,,,,,,,,,443,4354657f374dabad2b80,1
88402,,1,1,,1,1,,1,,,,,,,,,32,9f04ee1c8ce91dc68f58,1
93386,,1,1,,1,1,,,1,,,1,1,,1,1,130,c998fd1829b69c027edd,0
88479,,1,1,1,1,1,,,1,,,1,1,1,,1,147,f1f667f4b9e7ce30b7d1,0
88598,,,,,,,,,1,,,,,,,,26,a1e4118bc7580b9557a1,1
93419,,,,,,1,,1,,,,,,,,1,110,6afa98af9dca45841275,0
93429,,,,,,1,,,,1,,,,,,1,52,abf56bf8f0d465bee62f,0
93442,,,1,,1,1,,,1,,,1,1,,1,1,162,47f0e89f7b8964fb908e,0
93484,,,,,,1,1,,,,,1,,,,1,91,0f4de151c85460d74a1f,0
89071,,1,1,,1,1,,1,,,,,,,,,102,19fddb79bcc2f58c3391,1
93503,,1,,,1,1,,,1,,,1,,,1,1,122,27f6e77bacabbcb885af,0
93524,,,,,,1,,1,,,,,,,,1,124,8e6066964f499565420f,0
93535,,1,1,,1,1,,1,,,,1,1,,1,1,159,04ae313c87cd22f865b5,0
93553,,,,,,1,,,1,,,1,1,,1,1,100,6de4d88f2d3c9b5ed94e,0
89541,,,,,,,,,,,,,,,,,81,c91e8a8242e8579ddf0b,1
89543,,,,,,,,,,,,,,,,,38,c91e8a8242e8579ddf0b,1
93592,,1,1,,1,1,,,,1,,1,1,,1,1,126,19c99565121b38dbc901,0
93598,,,,,,1,,1,,,,,,,,1,98,483b04f01328a8124e7d,0
93619,,,,,1,1,,1,,,,,,,1,1,113,c9b1138fc301db791817,0
93620,,,,,1,1,1,,,,,,,,1,1,38,c9b1138fc301db791817,1
93621,,,,,1,1,,,,1,,,,,1,1,33,c9b1138fc301db791817,1
93631,,,,,,1,,1,,,,,,,,1,107,c3a8a367b935111cddb7,0
89796,,,1,1,,1,1,,,,,,,1,,1,88,74aafe3bb5300694f76b,0
93653,,1,1,,1,1,1,,,,,,,,,1,113,5c6441a97ab8af6df3d2,0
93680,,1,1,,1,1,,,,1,,,1,,1,1,163,a0a9e73ba9bbd24cf7e7,0
93747,,1,,1,1,1,1,,,,,1,1,1,1,1,113,5552e44200f8764626da,0
90569,,,,,,1,1,,,,,1,1,,,1,130,118401ee335f7e206162,0
93768,,,1,,1,1,,,,1,,,1,,1,1,106,bb8334f0dbbcc1ca65d9,0
93797,,,,,,1,,1,,,,,,1,,1,83,f919c6fac2c54a515f4b,0
93804,,,,,,1,,,,1,,,1,,,1,86,1219fd881ea8d26ef005,0
93861,,,,,,1,,,,1,,,,,,1,80,711e73e94e6088870b62,0
93880,,1,1,,1,1,,,,1,,1,1,,1,1,126,e93f463dffdb006d0265,0
91316,1,1,1,,1,1,1,,,,,,1,,1,1,95,f5aacc865e11289a62ec,0
93920,,1,1,1,1,1,,,1,,,1,1,,,1,87,7d7e40aa71b97871c7d3,0
91559,,,,,,,,,,,,,,,,,34,fab99426f97f56d1de32,1
93930,,,,,,1,,,1,,,,,,,1,70,21e1d3bedd2a8d5f12f8,0
91817,,,,,,,,,,,,,,,,,5,c24499daccb93f4f3012,1
91863,,,,,,,,,,,,,,,,,7,08f2a925eec924f82ce1,1
91896,,,,,,,,,,,,,,,,,18,bb79570e64c6386a9611,1
93972,,,,,,1,,,1,,,,,,,1,105,0dd73f36230d0415afc4,0
93995,,,1,,1,1,1,,,,,1,1,,1,1,102,4e8b18a29a0b4019a2a8,0
94017,,1,1,,1,1,,,,1,,1,1,,1,1,164,fc2d409ba3cc4a022e5d,0
94033,,,,,,1,,,,1,1,,,,,1,193,eb88b98de8907eee7017,0
92363,,,,,,,,,,,,,,,,,28,60d29b2b4dc41c69e729,1
92423,,,,1,,1,,1,,,,,,,,,64,7b5a41b5f01a927b8fe3,0
94052,,,1,,1,1,,1,,,,,1,,1,1,138,4cd1e06e381e9d688aa6,0
94063,,,,,1,1,,1,,,,,,,1,1,193,7354b032bf135914f9b9,0
92540,,,,,,1,1,,,,,,,,,,73,293c1553c40d0e67b0d6,1
94144,,1,1,,1,1,,1,,,,1,1,,1,1,143,4e5746e0fe7d19d6f539,0
94157,,,1,,1,1,,1,,,,,1,,1,1,168,c348e1d1d40809cdaa5e,0
94166,,1,1,,,1,,,1,,,1,,,,1,153,7ffd521f57d7e5eaf96e,0
94185,,1,1,,1,1,1,,,,,1,1,,1,1,118,f7ae14edae0eae7d80fc,0
94188,,,,,,1,,,,1,,,,,,1,2240,1001fdd94a4aebd2ea3b,0
94232,,1,1,,1,1,,,1,,,1,1,,1,1,156,5bb4636e65b456c3f6c4,0
94301,,1,1,,1,1,,,,1,,1,1,,1,1,154,0dd02463e255879f6f3e,0
94386,,1,1,,1,1,,,,1,,1,1,,1,1,107,6ba5155f30cac334d777,0
94427,1,,1,,,1,1,,,,,1,,,1,1,134,e2d228153a8706d8d00d,0
94449,,1,1,,1,1,,,,1,,1,1,,1,1,140,4be2a253b06f5e323bb3,0
94489,,,,,,1,,,1,,,,,,1,1,83,64167ceab257b906cb57,0
93509,,,,,,,,,,,,,,,,,12,bb79570e64c6386a9611,1
93525,,,,,,,,,,,,,,,,,8,8e6066964f499565420f,1
94559,,,,,,1,1,,,,,1,,,,1,77,edb173132f4665c03c4e,0
94560,,1,1,,,1,,1,,,,1,1,,,1,68,edb173132f4665c03c4e,1
94578,,,,,,1,,,,1,,,1,,,1,112,7945843d19dedb9aedef,0
94594,,,,,,1,1,,,,,,1,,,1,117,0ac6904b891e20a6b91f,0
94768,,,,,,1,,,,1,,,,,,1,258,64b1ded6d17d24a505fd,0
94769,,,,,,1,,,1,,,,,,,1,39,64b1ded6d17d24a505fd,1
94834,,,,,,1,1,,,,,,,,1,1,368,dfa5bf74f30197b14c40,0
95044,,1,1,,1,1,1,,,,,1,1,,1,1,132,10e3a34b249f25f56fc6,0
95097,,1,1,,,1,,,,1,,1,1,,,1,160,370fecd4e79b36864c19,0
95106,,,,,,1,,1,,,,,,,,1,64,2030cc97f80ee05dc5b5,0
95167,,,,,,1,,1,,,1,,,,,1,105,45688fcdf7d7c6ed190e,0
95169,,1,1,,1,1,,,,1,,1,1,,1,1,111,45688fcdf7d7c6ed190e,1
95198,,1,1,,1,1,,1,,,,1,1,,1,1,41,45688fcdf7d7c6ed190e,1
95244,,,,,1,,,,1,,,,1,,1,1,142,6856f3042c27355e4ec4,0
95245,,,1,,1,1,,,,1,,1,1,,1,1,72,6856f3042c27355e4ec4,1
95268,,,,,,1,,,1,,,,,,,1,188,9941893b28d018e86093,0
95269,,1,1,,1,1,,1,,,1,,,,,,127,9941893b28d018e86093,1
95281,,1,1,,1,1,1,,,,,1,1,,1,1,306,cc83b5abcbdb7800791f,0
94719,,,,,,1,,,1,,,,,,,1,89,c95ed68479f1c0df2ec1,0
95112,,1,1,,,1,1,,,,,1,1,,,1,50,370fecd4e79b36864c19,1
