testId,41,61,81,101,141,161,181,201,timeSpent,uid,ineligible
70347,,2,7,5,3,6,4,5,126,fa5c7473398e9372358c,1
70362,,2,5,4,1,5,5,4,68,073b0f901f260e436cbb,1
70365,,2,3,4,2,5,6,6,77,2dd6d98db478d20c668d,1
70366,6,4,5,5,2,5,4,5,59,8a50261aa1827fefcdcc,0
70425,6,6,1,1,1,3,7,7,217,10b55376b98234599bad,0
70427,2,,1,1,2,3,7,7,79,10b55376b98234599bad,1
70459,5,2,5,5,4,6,5,5,79,04abaa9c6b7bfb0e653b,0
70561,7,2,4,3,5,6,7,7,88,58eb6515c043c0ec527f,0
70718,6,4,3,5,4,5,5,5,65,76afa22b3a5fecf79671,0
70826,5,2,3,2,,2,6,5,83,f0b04d19efa9fad058be,1
70839,5,3,5,2,3,2,5,4,154,815c37a7505ccf794a23,0
71046,2,5,5,5,2,5,6,6,66,8e8fcd00f8644d64dc5e,0
71065,,3,4,4,,5,7,,144,3743818193f565869cc7,1
70867,,,,,,,,,108,5a6039723b322755ba76,1
71091,,6,2,,4,5,7,2,136,47f528add2a1c3040fdf,1
71219,7,3,3,3,1,7,3,,83,cbe6fe7da138c47a30f3,1
71281,3,2,4,4,,1,4,4,76,a3e0e8d823a355e293ed,1
71345,,2,5,5,5,6,4,7,91,ae2617f3baed7897e5f6,1
71364,7,1,6,7,1,,,,66,2f61ae1e6558f9b09604,1
71459,7,,4,5,7,,7,4,68,48c2f025984f9f00bfa2,1
71476,7,1,,4,1,5,7,7,77,f3ca2b381df61f31d6d9,1
71500,5,3,4,5,2,6,5,5,70,99d1d09f398c10f3f85b,0
71551,5,7,5,4,5,2,4,4,92,14efd0f765a4dec35dbb,0
71558,7,7,1,5,2,7,5,5,37,2b51efdd28c71d03bbc9,0
71569,5,3,5,6,7,7,,5,70,989de5b51bda1d8aa8e6,1
71627,7,5,2,2,3,6,6,6,77,a231bfdcc1457e6e72bd,0
71710,,2,6,6,2,6,5,6,94,7c4b46959c143b9d6bad,1
71161,,4,,5,1,,,,149,4eef3a6892bc06beb387,1
71754,4,1,5,4,1,7,,5,108,e395477b46ccf7f1d5b1,1
71756,,4,5,6,3,5,6,5,106,5cbd9766a3df7992a836,1
71432,,,,,,,,,37,eace520f7919f1ccddd3,1
71508,,,,,,,,,11,9683855b1fff332d00b6,1
71888,6,5,6,5,2,4,5,5,1154,e9e1508ad9a57b990cbd,0
72085,3,1,3,3,2,6,5,7,103,7281576c37c763cf3a13,0
72167,,5,2,7,4,7,7,4,88,176319db4edab822e4ed,1
72256,4,3,6,5,1,6,3,3,74,76eeb1a81ac2c9a7e4ab,0
72257,7,2,6,6,1,6,3,3,38,1f0f159835d251879f5d,0
72266,,7,7,7,1,4,4,6,70,098d8d4dbf7038402562,1
72268,7,5,6,6,1,3,6,7,71,c8bc52a655ffef3103ad,0
72279,,4,,7,,3,4,2,293,9732f8a70755430da5fe,1
72291,,2,5,5,1,3,4,6,109,3971cbdfc963897b6ae1,1
72295,3,,7,7,7,1,7,4,122,e4a8fa174f2508483612,1
72393,4,3,1,1,1,6,7,7,99,a5df34e7d8f7aaade7f3,0
72465,,6,2,4,2,6,5,4,116,1048177c38c500599d87,1
72552,,5,3,4,7,6,,4,131,dfc749ddd14591cdc55f,1
72943,5,,6,5,2,5,7,7,78,4330074ce3cacafb811d,1
72993,7,1,1,,1,7,5,3,98,22f85b05a0f455e528e1,1
73072,7,4,6,6,2,6,5,5,63,a47b9ceebdecc00944e7,0
73085,5,4,,3,4,5,6,6,97,97c2b60c582715bcb286,1
72579,6,,5,5,2,6,5,6,82,9adcf1e0f0617029d577,1
73125,4,4,4,4,2,4,5,5,82,c3f43348033273da9833,0
73071,,7,4,5,1,7,,,71,a47b9ceebdecc00944e7,1
73457,2,2,,2,2,3,5,5,86,7f7f063998c4a6079c30,1
73227,3,2,3,1,2,3,6,7,80,dbc539faa9d0b3c1973c,0
73691,6,2,2,4,3,6,6,4,106,01c5dfb1014cac7404ec,0
73742,5,4,2,4,5,4,3,4,71,51726952ae55f964d148,0
73745,3,5,4,3,5,5,7,7,64,77480f94862f4f3fd6ef,0
73750,5,4,3,4,4,3,3,3,108,8d22823969b94bd4a12a,0
73858,,2,5,5,1,5,7,7,65,5a38e40dbb9b9ee12bcb,1
73865,6,2,4,2,2,7,6,6,71,70ea9eba9da1e3fed0d3,0
73881,6,2,6,4,1,5,4,4,77,6811753009746371da11,0
73901,5,3,6,3,2,5,5,,82,a4f62984a887f0ff79da,1
73915,6,5,4,3,2,5,5,6,71,57e17698456bbb61abdb,0
73946,4,3,4,5,3,5,5,5,75,36f916d7d495e05b6881,0
73954,6,,5,5,3,5,5,6,67,45f9f2677959c180d286,1
73987,6,,4,5,2,5,,,52,ae526ff58eb4258560f0,1
74012,5,7,5,6,,4,4,4,76,8e341d9403e86f480740,1
73458,,2,4,,,,,,57,60ff9b186a10f18885d8,1
73565,,1,1,2,1,7,5,6,62,df13cbd99bb7ba46af3b,1
74236,7,1,5,2,4,5,5,7,105,8cb7c4efa0acb9b1cc76,0
74243,7,3,5,2,4,6,4,7,62,8cb7c4efa0acb9b1cc76,1
74252,5,2,2,2,2,6,,7,51,c1ab666be202d8e233f4,1
74294,7,1,1,1,6,2,7,6,107,00fbb44534c8bc10d747,0
74307,7,2,5,5,2,6,2,3,125,db6dfd111bb01a5cfb96,0
74315,6,1,2,2,4,,6,6,66,3cd0021f1087c6c6b4a1,1
74331,7,2,3,4,4,4,3,3,80,903f4e3dc72bb5bb2c93,0
74334,6,,3,4,1,7,5,6,81,f1590d19ca5e74c533d1,1
74342,7,4,6,7,2,7,5,6,66,8d4c62402b24fb8183f4,0
74358,3,4,,3,2,3,4,5,68,0d1f782c5b094c017020,1
74365,2,,3,4,2,3,3,4,59,982eaf57e081cea1baa4,1
74372,2,3,4,4,3,4,5,3,56,982eaf57e081cea1baa4,1
74395,5,4,1,2,1,3,7,6,67,2e2a1f5ada2a89415980,0
74420,6,1,4,4,1,4,5,4,72,bed7df2f30729627e57a,0
74425,6,2,4,4,2,6,4,4,58,7bd917a4a9b5a2a0873a,0
74470,5,7,1,1,7,1,7,7,66,250707bdc9a49d328203,0
74479,6,4,3,2,2,6,7,6,56,894d14d81255c60eca48,0
74497,5,4,5,5,2,4,3,4,85,19612729814b565addc7,0
74501,6,4,2,5,1,7,7,5,231,36c67b5a93cda7a978c8,0
74502,6,6,2,6,1,7,7,,62,36c67b5a93cda7a978c8,1
74514,7,5,3,5,3,6,5,5,138,d45a2448bae151f6da9d,0
74516,6,1,5,2,1,6,7,7,73,07f6dd1d8cfea62b2145,0
74520,6,5,3,5,5,6,3,3,65,095398b296f432eeb09e,0
74546,6,4,5,4,,4,5,4,67,102d9662f52e453ab9be,1
74569,5,2,5,4,6,7,5,5,60,c4db79152ce0e710b9bd,0
74576,7,5,5,5,3,5,6,5,61,ad33e5089fa0dcc97b8a,0
74582,7,7,1,4,4,6,5,5,84,d80ffe77c370e683b114,0
74619,7,,,4,5,6,5,5,111,a33586edf063cc0988ff,1
74645,7,5,4,5,2,6,5,4,95,14df60f26004c7332f82,0
74652,6,5,4,4,2,,6,5,59,5d239f90f9481f246f8b,1
74670,6,6,3,5,2,4,5,4,62,55c5d27a4f3d4bf8a37b,0
74681,6,,2,4,7,6,6,4,70,e357766b6dbe12b57b9d,1
74691,,,,,4,6,2,5,61,7a5046c7049ca6e1990e,1
74736,4,5,4,6,4,6,4,4,74,257fdfbd6a184c719214,0
74753,7,4,2,2,5,5,7,7,83,acbfee1bb4a338ea9c04,0
74776,7,2,5,3,2,3,3,3,91,92085b03d5760f107e9a,0
73863,7,,,,,,,,16,08bacad473caf5319216,1
74794,7,,7,,5,7,4,5,146,330f998eb3e499bd6365,1
74931,5,4,5,5,4,4,4,5,59,600a847aa7df3f80d242,0
74949,5,5,4,4,2,4,6,6,75,d1a52b43b1fb3547a7e2,0
74956,7,7,5,4,4,5,5,5,69,5421d5802c8d377152d8,0
75022,6,3,7,4,,6,6,6,85,ad4e28fb30b4c8da7c2d,1
75041,6,,3,5,1,5,6,6,85,9a84760f012f6ea37ac2,1
75042,6,4,4,4,1,5,5,6,59,9a84760f012f6ea37ac2,1
75047,4,7,2,1,1,7,5,7,75,a694dea105846e6e29fc,0
75073,5,6,2,1,2,4,7,7,68,d8e5c0f06e566b1a8a09,0
75110,6,7,1,1,2,6,7,7,63,d8e5c0f06e566b1a8a09,1
75119,5,4,3,7,7,5,4,5,70,aa5edaf8c9e3286ef269,0
75124,6,2,5,4,7,7,7,7,65,aa5edaf8c9e3286ef269,1
75125,2,3,4,3,3,6,5,6,85,bb3ca6dd6b631a5fc706,0
75146,6,2,4,6,2,6,4,3,181,791a742e553ba220504e,0
75159,5,2,2,4,2,6,6,6,74,39baa023ebc6ae9d22de,0
75184,6,1,2,4,2,6,4,4,63,df8bbd50eb541e40c5a1,0
75212,7,7,7,7,1,1,1,1,81,4dd049fc208385a14464,0
75229,6,4,5,,4,4,5,5,83,72b83f1117bcabc9d68f,1
75251,7,3,3,2,6,3,3,2,75,779dcec5e4334a35fb54,0
75264,5,3,3,4,3,6,6,6,66,981989592ad1273caaf7,0
75279,6,2,3,4,1,5,6,6,92,7f143acfa575bc0538f5,0
75283,7,2,2,2,1,6,6,6,66,4400968fe917a17e9adf,0
75284,7,1,4,4,2,6,6,6,69,194e27b1205bb7ccfa9e,0
75281,5,2,6,4,2,6,6,6,420,0d51187694788a75e24b,0
75312,5,3,5,4,1,5,5,5,87,3657a70b078844343300,0
75342,,4,4,4,1,4,5,5,107,ea9bead69ea58611126d,1
75344,6,5,2,4,2,3,,5,58,ea9bead69ea58611126d,1
75355,7,1,3,3,1,7,5,5,59,0d51187694788a75e24b,1
75367,7,4,4,6,3,5,,5,98,138e443fc68d01581e62,1
75381,6,2,4,4,5,7,5,6,65,8b8bab7d069b5b35d76d,0
75393,6,2,4,4,6,6,6,6,63,dd6051586facd6feb653,0
75440,6,7,4,6,2,2,2,2,105,649779fd907e17fb1281,0
75562,6,3,1,2,2,5,6,5,84,b1a48a4d886a407747f8,0
75564,7,4,5,2,5,6,6,7,86,31316e7617b6daf00c58,0
75590,5,5,5,3,1,3,2,6,120,d5c8fb454a17e9570260,0
75597,6,7,5,6,1,4,5,7,96,d5c8fb454a17e9570260,1
75610,7,7,1,1,1,1,1,1,60,cec06aad7059d3554e4a,0
75660,,,,4,3,5,6,,63,b59e901f0b18d16fb680,1
75671,6,2,3,3,5,5,4,5,89,7423d2cd524535bbc17f,0
75694,5,2,4,4,3,7,6,5,84,11ef6efb95178d3881dd,0
75699,7,3,6,6,3,7,7,7,76,6195cc3d214807c7f76a,0
75713,6,2,,,,4,6,7,65,734ce1f1e380272eb198,1
75720,3,2,4,3,3,6,6,6,62,bb3ca6dd6b631a5fc706,1
75750,5,3,4,4,2,7,6,5,64,8b4a232bc29b33689273,0
75770,7,,6,6,3,,6,6,72,46c9647a0d12a677379d,1
75779,5,5,5,,4,5,2,,330,71a06f4846aacc82f6ad,1
75783,7,5,7,7,3,5,7,6,70,53fdcae9762032216210,0
75787,4,6,2,2,2,3,7,7,76,71a06f4846aacc82f6ad,1
75811,5,3,5,5,5,5,5,6,88,b2f14ccee89e888bee02,0
75823,6,1,4,3,,7,5,5,89,96a1bf653e96b1c7f75f,1
75832,5,3,4,4,2,5,6,4,65,63d12048eed06023814d,0
75853,7,,2,2,5,5,2,7,116,929891f054e0630ba426,1
75876,5,6,1,1,4,6,7,7,74,70b4bb33da2f9fcc2a85,0
75883,7,1,1,1,4,6,6,7,65,65c7352aa286638b380e,0
75892,6,4,4,2,2,7,6,7,82,b775d7b303d0d025f6b0,0
75909,6,4,2,2,2,7,2,6,60,5208cc0535cdc11683bd,0
75921,7,2,6,6,7,7,5,5,73,fb45226389be9cb96bc0,0
75938,4,4,4,4,5,6,6,5,60,830c0d50e584312076af,0
74312,5,1,3,4,6,1,,,83,5a06491d7987a4af844b,1
75985,6,1,5,2,2,6,6,5,81,255ae701bf2f6b6e2b1f,0
75987,7,1,5,5,2,7,4,3,63,001e224a847750ec3d3b,0
76001,6,3,4,3,2,6,6,3,122,3fcab5f739eef9f53ed6,0
76002,5,3,5,6,2,6,2,2,65,1d6851b14c0879259e53,0
76021,7,2,6,6,1,6,6,6,65,4bc9da834318df9bbfe2,0
76020,6,3,4,3,6,6,6,6,64,aa1580df27a34c9c67ff,0
76054,7,3,,6,2,6,5,,59,46c9647a0d12a677379d,1
76055,,5,5,5,2,7,6,6,61,92952adf02e2ae28bf25,1
76057,4,2,2,3,,7,6,6,79,ed8f284f101b434c16ba,1
74346,,,,,,,,,13,ccb4ad30f68a1a7c5d2e,1
76060,6,3,6,4,4,,4,5,93,6347a6326bc8fbb2cc04,1
76088,6,7,5,4,2,4,5,6,72,698464d5e720ecc6f7cb,0
76125,4,3,2,2,2,5,6,6,74,ec823742e5032813d8e4,0
76157,7,5,4,4,2,5,5,6,66,300890164c02e45eaec5,0
76179,6,3,2,3,2,6,7,7,56,f6956774bbe23e1cffd1,0
76188,7,4,6,5,1,4,5,7,56,f6956774bbe23e1cffd1,1
76197,6,,3,4,3,7,5,4,82,d592ca8cea0a0d921707,1
76224,,5,4,3,,4,4,6,64,d033e6311e9e6341933d,1
76228,4,4,4,4,4,4,4,4,73,2890298ec53ff6ddab1a,0
76238,5,2,2,4,2,6,6,4,76,2840b241a2cd4af746c4,0
76249,7,4,4,3,3,3,4,5,109,c461ad576c6fd191eb3b,0
76254,5,2,5,6,3,6,7,,89,59946e5c438b1818551b,1
76304,7,5,3,1,7,3,7,7,80,467ec70e06c3ea4c8c67,0
76307,5,2,2,2,2,7,6,6,94,ff9c43e64a9db8edff8f,0
76299,7,6,5,4,4,5,6,7,34,b7c263c83e668cda3882,0
76317,6,5,3,2,1,4,6,6,63,7c8bdbe267c267e97022,0
76330,6,2,2,2,5,7,7,7,97,4d355cba95487e97a829,0
76337,6,4,4,5,4,6,6,6,73,23b8c46439c81045a9fd,0
76339,7,4,4,5,6,6,6,6,62,23b8c46439c81045a9fd,1
76362,7,4,1,1,4,6,7,7,58,4d355cba95487e97a829,1
76366,6,4,5,5,5,6,6,6,62,af95a6f1fdb1d5ea2e47,0
76367,7,4,1,,3,7,7,7,95,23416ba818ea0382d9cb,1
76388,4,1,5,5,2,7,4,4,64,612db9565ff134981984,0
74512,,,,,,,,,11,d739dcbd0b472599e125,1
74527,,,,,,,,,9,07325a4e8add2f05b0cc,1
76402,5,6,6,5,4,6,5,4,69,0f21ee310c0ec4b7a801,0
76407,6,7,6,4,5,7,6,6,77,89718edfc964239ce17a,0
76414,,,3,1,4,5,,6,112,1454b09f4100741b6f59,1
76415,2,4,5,7,3,5,5,6,76,1454b09f4100741b6f59,1
76418,7,6,6,5,,5,6,7,58,9bae83ec357d2b8a4f5c,1
76423,6,4,2,2,2,5,5,6,66,34101a1c14f5ba3083aa,0
76434,7,3,5,6,1,7,7,6,46,bfa04e59e7a5f11411e3,0
76435,7,3,5,,6,5,5,5,59,bfa04e59e7a5f11411e3,1
76488,6,5,3,2,5,6,5,6,73,62818b3baff7075e5c62,0
76501,6,5,4,2,6,6,5,5,66,62818b3baff7075e5c62,1
76504,5,3,4,5,2,6,4,4,71,7f80624c8d416db4d6a5,0
76509,5,2,4,6,2,7,5,5,94,caa01dd076cad7146770,0
76521,6,2,4,4,2,7,5,4,64,3fee5e414ac6db7ed7ac,0
76536,5,6,3,6,3,6,6,6,103,1b48bc332adea88d3dc7,0
76558,6,4,4,5,2,5,6,5,68,fdff4657a69c8c579ad7,0
76559,7,5,5,4,1,4,5,2,60,fdff4657a69c8c579ad7,1
76561,4,3,5,5,2,5,5,3,84,e145e40b4e619876ca96,0
76593,7,,2,2,7,7,7,6,97,5f4cda34c82d198c48a4,1
76595,7,3,2,2,1,6,3,3,73,471d5f86f8c323c1a92e,0
76617,6,1,5,4,3,7,4,5,81,facbd0a03479a10dedc5,0
76641,5,3,4,4,5,3,4,4,134,58af2a7fdb7fbc5087ab,0
76652,4,3,4,4,1,2,5,3,71,c17516bd848bc473da56,0
76656,5,2,3,3,1,6,4,4,63,58af2a7fdb7fbc5087ab,1
76659,,,,2,2,1,7,,209,b30602c3ce9aaa1ee05b,1
76662,7,3,5,5,3,7,7,7,99,66c7bb36496185b3c02a,0
76671,6,4,,3,,6,6,4,75,f037382018b046b6974c,1
76676,6,4,,4,,6,6,5,95,f4733206b376faf50c14,1
76695,7,7,4,6,7,7,4,6,87,feea6219de12ccbccedd,0
76706,6,4,4,3,6,3,4,4,82,22b6a8f4b8480bf535fd,0
76723,7,2,6,6,2,6,7,6,72,8d200eb61933b4e0518d,0
76724,7,2,6,6,2,6,7,6,58,8d200eb61933b4e0518d,1
76734,3,6,3,5,3,6,6,5,68,c3d4a2f4eacb3cce55a1,0
76773,,1,2,3,,7,,4,90,cf83757c2da4fdbc672d,1
76808,6,2,4,4,2,6,5,5,77,0039d3a8143f7e99f8e1,0
76812,7,2,5,5,2,5,6,6,62,0039d3a8143f7e99f8e1,1
76814,4,4,3,3,4,4,5,4,106,59c82936d8373b52de47,0
76813,6,3,3,2,7,,6,6,100,036cd22afeffb079ab3c,1
76819,6,,3,3,2,6,6,6,64,b11a1a3b3665965fab06,1
76828,,,,5,2,6,,6,95,474bf494cc2862d09043,1
76843,7,3,6,6,2,6,6,6,63,4f4361f64aa2c33b2e69,0
76857,7,,3,3,1,3,5,4,83,61c558fd40e63d897ae0,1
76859,6,4,3,6,3,3,5,4,60,1b48bc332adea88d3dc7,1
76877,4,1,5,4,3,7,7,7,66,3d7b01c1b702c8c439e7,0
76893,7,4,2,2,3,5,6,6,64,14fc8690a5502ba387e2,0
76916,7,2,2,1,2,7,7,7,66,14240521279f77c3e2b0,0
76920,7,1,1,1,2,6,6,7,57,14240521279f77c3e2b0,1
76924,5,6,5,7,2,4,5,6,71,7eff56ecfbe19d8db2b3,0
76965,7,5,3,3,3,6,7,6,40,14fc8690a5502ba387e2,1
77002,6,4,2,3,5,,6,,66,09cf6a2448bfe9250b94,1
77003,6,4,3,2,3,,6,5,58,09cf6a2448bfe9250b94,1
77039,5,1,3,3,,7,6,6,117,941188a8fc36f1f00e4f,1
77046,4,4,4,4,3,5,4,6,84,67efa95283df21e77d94,0
77099,4,4,4,4,2,3,4,4,61,5e22be04971c53487389,0
77106,6,2,3,3,2,5,6,6,69,9a4cf0b7b03fe3c5767b,0
77107,6,5,4,4,2,3,4,5,77,ea9bead69ea58611126d,1
77113,6,5,4,3,2,3,4,5,59,e8db074432b497daff91,0
77118,7,5,3,3,1,2,5,4,60,ac9ce46f28578a9e74a8,0
77143,7,4,5,5,1,6,6,6,66,61ff56b129b8a62574bf,0
77130,7,1,6,3,5,6,6,6,79,c051ed1b4358c2704fd9,0
77154,7,2,4,4,6,7,6,5,63,c051ed1b4358c2704fd9,1
77164,3,3,3,4,3,4,5,4,73,527d91320bf4b7460b28,0
77202,,2,,2,4,6,6,6,79,8b1b7f204a0f052dfd2c,1
77214,5,3,2,3,2,7,5,5,66,90c9b8e5da32189b9da7,0
77243,2,2,3,3,3,,4,4,111,fe4ccf133d2e5818095f,1
77266,7,3,3,2,2,4,5,5,86,1a1d896fa3c2fc05aa28,0
77283,7,,3,4,1,5,5,5,60,036cd22afeffb079ab3c,1
77297,6,3,2,4,,6,6,7,99,ac253ffc84d829de35b3,1
77324,5,4,5,,,3,6,,63,bdff23b6f8fe8619c4c3,1
77325,6,4,4,5,1,5,6,6,65,bdff23b6f8fe8619c4c3,1
77349,2,2,4,5,4,5,5,5,57,527d91320bf4b7460b28,1
77358,2,4,3,2,3,3,4,5,39,b11a1a3b3665965fab06,1
77381,,1,4,4,1,7,5,5,61,f94a5436ffd4dd2e45b4,1
77407,5,2,2,2,4,5,6,6,80,0c77107ed457ce58e270,0
77411,4,2,4,4,2,6,5,3,82,50dd7dec1ed442b41b13,0
77440,7,4,3,5,,2,6,4,63,66b83567e6790bd69108,1
77463,7,5,3,1,3,6,3,7,70,58461bb326d4686e277a,0
77506,7,7,3,1,1,4,7,2,70,a0d120402dd2f4043057,0
77520,7,,6,2,5,6,6,6,84,d12ffd412a26683478ad,1
77549,5,3,4,4,2,5,6,6,92,954ae51a4fdfea5fa045,0
77550,6,4,4,4,1,4,5,6,55,954ae51a4fdfea5fa045,1
77561,5,3,4,5,,5,5,5,77,c5794340c46e1daff9ee,1
77596,5,4,5,4,2,4,5,4,63,b6ef2d069b7616510f12,0
77606,7,5,6,6,1,3,6,6,64,111b872ebede0068c320,0
77609,7,3,6,6,1,3,6,6,59,e838a3a13f677c0411d6,0
77623,7,3,3,3,3,,,3,71,14fc8690a5502ba387e2,1
77669,7,3,3,3,3,6,6,6,62,c279f8f6e53adec18f44,0
77670,7,5,3,4,2,5,6,6,71,3c8356a168244c2d2fe4,0
77678,7,4,4,5,2,5,6,6,59,955814bc3b50bebc57b9,0
77691,3,3,2,1,1,4,5,5,72,e1d4e0b9d6be2f01ba67,0
77684,6,2,5,3,5,6,6,6,71,2bb35ea2939bc63c0820,0
77714,6,6,6,6,6,6,6,6,57,2bb35ea2939bc63c0820,1
77742,7,1,,4,1,,4,5,65,e1d4e0b9d6be2f01ba67,1
77858,6,2,4,2,2,7,7,6,65,aeda77e7641df21e39ce,0
77863,6,4,4,5,1,6,7,7,70,1bec5f3a45b3b6a4a543,0
77882,7,2,2,2,2,6,6,6,57,7c8bdbe267c267e97022,1
77891,6,3,6,4,5,4,3,4,62,95a78560a485003d8871,0
78035,5,2,4,5,5,6,4,4,63,3871f6cebab7cfe1efa1,0
78063,5,3,6,6,3,6,4,3,82,a9da76bd52699c746cc8,0
78149,6,2,4,4,3,5,4,4,62,7a2799c1eef5b4a6a7d4,0
78315,,3,2,,,,5,5,86,6f32f626f5df65839620,1
78335,6,,4,4,6,7,5,6,68,712d3415fc8dec7ad66f,1
78454,7,3,4,1,5,5,4,6,93,3ee31ae14d6e84819d35,0
78463,7,2,2,1,2,6,6,7,60,3ee31ae14d6e84819d35,1
78477,5,3,2,3,3,5,5,5,78,047053a479df7a748ab2,0
78492,4,3,5,5,1,5,6,6,75,64ee3492757e64b0ca28,0
78559,5,4,5,5,,4,3,3,82,a20c885e5d58182f2d0f,1
78664,5,3,6,5,1,6,,6,68,2683ddb51ff1cd63aef5,1
78672,6,5,5,5,2,5,,5,65,daeb8a598a6537688002,1
78724,4,2,3,3,4,4,5,3,85,9e396c4b3f0ee9ae1ab1,0
78741,6,1,4,5,6,7,4,5,67,712d3415fc8dec7ad66f,1
78819,6,2,5,5,2,5,5,5,92,8cafbc172fb1ad1f8b91,0
78885,2,5,3,3,2,4,6,5,59,5870f03a14ce993206b2,0
78973,6,3,5,5,2,6,5,4,80,05d79f76b8bd93c131df,0
79070,5,2,6,4,4,5,4,3,66,65b259437d154a0ec137,0
79065,3,2,4,2,4,4,6,4,74,e631aee8213d6e9eb793,0
79091,3,2,7,4,,7,7,6,71,d4f741380b46c7466205,1
79108,6,,5,5,3,6,7,5,87,caee86db4b512750219d,1
79081,4,4,7,7,2,4,5,3,77,f456722d91f66e641751,0
79123,7,4,5,6,3,5,5,3,70,5e94d21ce38b35f8cba2,0
79125,6,2,5,6,2,6,,5,74,caee86db4b512750219d,1
79200,5,2,5,6,2,6,7,5,62,b63008ea9c39ef7c7a0f,0
79278,7,4,4,6,1,5,5,5,60,a9fe5a02478e381b840b,0
79287,7,4,4,4,1,4,4,7,62,dd33cceeae3cafcf821b,0
79332,6,7,1,1,7,1,1,1,59,982e0c49881a3921012a,0
79337,5,3,5,6,1,4,5,7,80,ed8e8550aa60c8feefa0,0
79381,7,3,4,2,3,5,6,7,68,0eb7bfc7ae971f2db33b,0
79406,6,4,4,5,3,5,5,5,66,3d76c8980c27f0719ae3,0
79454,6,3,5,5,2,5,6,6,61,9a1947faf8d3b257d4ed,0
79509,6,4,4,4,,6,6,6,73,b645c578a209222dae7f,1
79512,6,4,4,2,1,4,7,7,84,00a3f40599eed371c381,0
79502,6,7,3,2,,7,7,5,186,ae06edeec797d113a40a,1
79526,7,4,5,4,1,1,7,7,61,00a3f40599eed371c381,1
79521,6,3,7,6,1,6,2,3,101,7705be00367b46c0ce1c,0
79595,6,3,4,5,3,6,4,4,69,da13341e638c06067456,0
79691,7,1,6,3,1,5,4,6,70,2c4890db386c704cd6b4,0
79886,7,5,4,4,2,4,4,6,77,a3e676c7809ce10253b9,0
79888,4,3,6,5,2,3,4,3,78,02edcb045ff243cfd185,0
79899,7,5,6,4,3,5,4,6,63,f4a90f3fd9f9c5fa2efc,0
79897,6,4,5,2,2,1,4,3,73,5d94a76f1fcd6c706f15,0
79919,6,3,6,2,1,5,2,6,66,77a1aa3e4014b5c16165,0
80020,5,3,5,6,2,4,5,6,58,cc5cd226d565c72e3f93,0
80090,7,4,2,3,1,3,6,5,65,b74d920ca1c9d3ff1abc,0
80143,7,,5,2,7,1,5,3,126,d224a08b3e60f8f56b80,1
80161,2,4,7,6,6,7,7,2,57,9e396c4b3f0ee9ae1ab1,1
80160,6,3,4,4,2,5,5,4,60,07832632bb41452a59cb,0
80162,6,2,6,5,2,6,3,3,78,ce99195156e9cb6a9e5c,0
80192,3,4,6,6,2,6,7,7,58,5870f03a14ce993206b2,1
80182,7,7,3,3,1,2,2,4,60,878f94c55f062dfc3127,0
80216,7,1,1,4,1,6,6,5,83,a54f16e2f086ca477323,0
80239,7,2,,2,1,6,7,6,91,1ead1e80e8bc293a8bf8,1
80260,6,2,6,4,2,6,3,4,67,5ec2b303f7c0e48886cb,0
80288,4,5,3,4,3,5,5,5,72,d33f1c97d45338e77bbc,0
80308,7,1,3,5,1,7,3,3,95,fc2a5b570ddbc1fce41d,0
80318,6,4,,4,2,,5,5,68,3ae9a0e4d745775598dd,1
80452,5,4,4,5,4,5,3,3,66,6ba03fd26901dc198ffa,0
80441,6,,,,6,5,,,72,218f0bed8a8f7c7af4d4,1
80524,,3,4,4,1,5,5,4,120,464c043903703ec2049a,1
80535,7,1,7,7,1,7,4,4,69,fcf4e677633d038af165,0
80619,5,2,4,5,2,6,4,4,69,e61b901f67fb5ad3720f,0
80611,6,5,6,6,5,6,7,7,69,9c455bcd89ddd633ff80,0
80609,7,3,5,2,2,6,5,7,70,2acb9c4edc705b2081e6,0
80735,5,5,4,6,4,5,6,4,136,bad6326c80bf91ae4cd3,0
80777,5,2,4,5,5,6,7,5,75,84228104e390bf17e774,0
80861,5,5,5,7,3,4,4,,238,2b0065260057da2e79d8,1
80915,4,3,3,3,4,4,4,4,63,218f0bed8a8f7c7af4d4,1
80918,7,1,4,5,1,7,5,5,79,0a4d12396aeb0b3e249e,0
81027,6,3,4,4,1,5,6,6,109,184be41eb2a013ba74bb,0
81068,7,2,5,6,2,7,7,3,118,3a73bfdf8fc7dd649286,0
81133,7,3,5,7,2,7,4,1,114,758b6cc2aa85c114f8e4,0
81108,6,3,,,,7,7,3,69,8f79010285881a32b631,1
81195,6,2,6,6,2,5,4,2,67,9d2542e5dc1ead19bb39,0
81204,6,2,7,5,2,6,3,5,64,9714b9f47181f95893fb,0
81309,5,3,6,6,2,5,3,4,62,a7c3463c121c1f7540b6,0
81360,4,2,6,5,1,4,3,,87,098e2c495c922e00bece,1
81357,6,2,7,5,1,4,3,6,76,899d7c9602f51f80eadc,0
81403,6,3,5,3,5,6,6,6,73,e002bc415b415d108eb6,0
81413,5,4,4,4,5,6,7,5,67,3fa3733547e3f045f3d4,0
81554,5,3,3,4,2,5,6,6,89,418525c6fdbc10f638dc,0
81557,7,2,6,5,1,,,3,107,94a46132feebbd3a6759,1
81639,7,2,5,5,1,5,5,4,64,922b97c22a4042616ef8,0
81721,7,1,4,3,3,5,5,6,64,7de6110bad19ca5d206a,0
81720,7,3,3,3,2,5,6,6,85,c5866bf3e9be155fb744,0
81782,7,3,4,4,4,5,5,5,67,e36c4e86f5b17eebcf6f,0
81793,6,5,5,5,3,3,3,3,57,e36c4e86f5b17eebcf6f,1
81815,6,3,4,6,2,5,6,6,86,05265a4723b9ed47e479,0
81823,6,2,4,5,2,7,5,2,82,6fcd47017db6dbd60ce3,0
81802,7,,5,,3,3,3,3,63,36e9b2042f2cf6f4d3e8,1
81861,7,,,,,7,7,4,114,61a739bfa5100d02985e,1
81920,7,3,4,4,2,6,4,4,58,36e9b2042f2cf6f4d3e8,1
82071,6,2,5,6,2,7,5,5,64,47818b7fb11fbe92ce42,0
82120,5,3,5,5,2,5,4,3,69,782a4b1b604b8691d383,0
82159,,5,5,6,2,4,4,3,78,bd5d5ceeaac16e485208,1
82173,6,2,4,4,4,6,3,3,66,6e04781b96c79313bb76,0
82416,5,7,3,1,3,6,7,7,68,ea1179aecd6db9cb5c80,0
82508,6,3,6,6,1,5,4,5,69,acd92006c1389702727f,0
82550,5,5,5,,3,,5,5,64,8f950808729e43e7dfa4,1
82646,,6,3,7,4,7,5,,100,b62ea87587bcea156c28,1
82648,7,4,2,3,2,6,6,7,80,4d4fa625d9463d33f74b,0
82663,6,4,6,6,2,5,3,4,76,a7ef326e776411f35592,0
82670,3,4,4,5,4,5,4,5,94,a26a8f0da71a14cfc922,0
82681,7,2,3,5,2,6,7,7,68,6af46aac8c125094feb3,0
82755,6,3,5,6,2,4,6,5,76,af798d3455a77be995df,0
82775,7,2,3,2,3,6,5,5,101,954778d5922dd48403e9,0
82781,7,,3,2,2,6,5,5,66,4d94c745b9c69b4f8d5e,1
82815,6,3,3,5,1,4,4,3,63,2c5f3016caa1a9a978af,0
82949,7,4,,4,,7,5,7,80,30711b21d10e2d6ff360,1
83027,7,5,4,4,3,7,6,7,84,e1144a59d74ed78d37fc,0
83058,7,5,7,6,2,6,5,6,70,462db9d5e0d86f6f33dc,0
83119,6,2,5,5,2,5,5,6,93,0a85e42da09fe85a8af1,0
83257,6,3,5,4,2,5,6,7,74,be9162467c6b06459918,0
82676,,2,5,5,3,,5,6,20643,e8d360ea4363965c8436,1
83318,7,2,3,5,1,6,5,6,68,eabd157f8d45bbafe630,0
83351,5,5,5,6,2,5,6,5,283,d8e78e4bd8d1376c7dfc,0
83386,6,3,6,5,1,4,3,3,70,ca223ab5e4d2d7e19478,0
83387,6,5,5,4,2,3,3,4,73,d8d1d272012c3c190980,0
83394,7,1,4,4,1,5,5,5,59,dd82329f80d2f12f84c7,0
83426,6,4,5,6,5,6,5,6,62,638473b403a6d0b701de,0
83641,7,1,6,3,5,7,7,7,76,509725eeee150d79cc42,0
83895,6,4,4,6,2,6,6,6,65,621afc64b75a7a03b838,0
83897,7,2,3,4,1,7,7,6,95,55f6bc53bdd9d9b8aa64,0
83941,5,4,2,3,2,5,4,6,80,6b33667b1fc422dbcbb4,0
83972,7,,6,6,1,6,6,6,103,697cd11080aad6a3e083,1
83988,,7,7,7,,1,5,4,72,4002e5cae4d76ac33398,1
84004,7,5,7,7,3,2,5,1,64,aae55038133060eb4fbd,0
84095,7,2,3,4,2,6,5,4,59,35ac2ca30be6976ed2b9,0
84101,2,3,5,6,1,5,6,4,83,b5cf0d096548366b50ec,0
84075,,2,5,4,4,6,6,6,111,6390e8dcc05037743a81,1
84105,5,4,5,6,1,3,3,4,63,daeb8a598a6537688002,1
84117,5,4,5,5,3,4,5,5,67,d1550c8fe4222cdf35db,0
84182,5,2,5,7,1,6,6,4,64,00dc2d5b0c1271090876,0
84218,6,2,4,1,3,7,5,7,84,fb5d8c035014cb8bb3a0,0
84244,7,5,4,5,5,4,,6,66,373539acd8a3c2119217,1
84261,6,5,7,6,2,2,3,2,59,02edcb045ff243cfd185,1
84265,5,4,3,3,4,6,6,6,87,0d31cd5b5fc9d7f2c225,0
84271,6,5,5,5,1,2,3,2,59,e06a11d3f0afb9a53e3b,0
84267,6,,2,,5,7,5,7,63,9d1af9688dd3ffbd2a91,1
84284,,,,1,6,7,6,5,76,fb5d8c035014cb8bb3a0,1
84312,6,2,3,3,6,,6,6,57,9d1af9688dd3ffbd2a91,1
84315,6,6,6,6,5,5,5,5,64,14c6d8fed9e84dc0ef6f,0
84346,6,5,4,3,5,7,7,7,72,d6a4521a3ad80a5e03dd,0
84476,6,3,3,1,1,6,6,7,63,20a8427c82fb6559f62c,0
84599,4,1,5,3,1,7,2,4,66,3201a93c0bf98d9e9747,0
84609,2,5,,5,6,5,5,,90,6369999cd576743d37e9,1
84659,5,4,4,5,3,6,5,5,67,0d31cd5b5fc9d7f2c225,1
84689,5,2,5,6,1,5,3,3,65,6e84d6fa0af9a10c803a,0
84695,7,1,6,3,1,7,6,5,70,19788631496e9405abee,0
84743,7,4,3,3,2,5,6,6,74,c279f8f6e53adec18f44,1
84737,2,5,6,6,5,5,6,6,61,f3867321a6695be67713,0
84811,7,4,5,2,2,5,5,6,68,11ff4b03931eca91e01c,0
84858,7,2,3,2,5,6,5,5,67,273f325f22f61f48305e,0
84856,4,7,4,5,2,5,4,2,63,9f32c27563945a0f58e4,0
84916,6,4,4,5,2,6,7,6,67,b66ba97d757bb01fde30,0
84974,7,4,3,3,1,6,7,7,71,b66b76fccda689d080df,0
85013,6,2,3,3,5,6,5,5,59,273f325f22f61f48305e,1
85028,7,7,7,7,1,1,4,1,63,b11fae79d34e69aa8267,0
85031,,7,6,,,,6,6,59,b11fae79d34e69aa8267,1
85051,7,3,6,6,2,6,2,2,66,bdf34e306ac05225f941,0
85056,,,,,,,,,246,4a1d5cefe12d9dceddc1,1
85073,,,,,,,,,86,426b1f79bab352c6b585,1
85085,,5,4,4,1,5,7,7,58,b66b76fccda689d080df,1
85139,7,4,3,4,5,5,6,6,84,bef8f066971f17847bbe,0
85161,4,4,4,4,5,5,5,5,63,5eef0eb8fdabbb9158b7,0
85203,6,4,,3,2,6,6,7,95,b2df519881c63a2d2a72,1
85212,6,2,6,7,2,6,3,3,71,73bfa26fdd72ab3c61e5,0
85228,,6,3,2,1,6,3,2,65,2490182bc28f6ca0a76a,1
85275,5,4,2,2,2,6,6,7,88,625ef2c9227c0bfa9e19,0
85082,4,4,3,3,4,5,4,4,81,1f71f5e066e555bc970e,0
85307,,2,2,3,1,7,5,3,79,792eaf0fd0972bb0afc2,1
85324,5,4,2,2,2,6,6,6,60,625ef2c9227c0bfa9e19,1
85319,6,2,6,6,2,6,3,3,61,225b0f607dd850053294,0
85373,5,5,2,2,2,6,6,6,58,b81df074a7e41ff4e9b1,0
85421,5,2,7,5,2,5,5,4,80,183da6ef1fc70cfd7111,0
85419,6,3,5,5,5,3,5,6,61,af95a6f1fdb1d5ea2e47,1
85597,6,4,3,3,,5,5,4,90,6afb6ac19125bb7f8dd9,1
85615,6,3,3,5,2,7,,4,76,929f6204e5ed1e910527,1
85646,7,4,2,1,7,4,6,7,69,66ba858f5b70d7a073e0,0
85746,5,3,6,5,1,4,2,4,86,dd1753b46609fdcd86a4,0
85793,5,3,2,4,3,4,5,5,67,330c38a8371db1efedf1,0
85856,6,4,4,3,1,2,5,5,88,b6a9f546792d00904b9c,0
85953,6,3,5,6,2,5,6,6,109,bf9a5f6425557ea420ee,0
85961,4,2,5,5,2,5,,4,67,3f08240d0019069c4463,1
85975,,5,4,3,2,4,6,5,80,8d980d121408935f5e8e,1
86006,6,5,3,6,3,6,5,2,64,719e14190042fc4c52d8,0
86007,6,4,,5,,3,3,5,85,17e523d4d43634d6ae2d,1
86040,6,3,2,4,2,5,5,5,183,28db8b8146ede1f6f5c5,0
86044,7,2,5,4,2,6,5,4,63,8871d24b830ae11e6f06,0
86076,7,4,5,4,1,5,3,4,60,7be40cb807e6ce523120,0
86084,7,1,4,3,3,7,6,5,70,65e110621a9c9aa3d353,0
86087,7,2,4,4,2,6,4,5,76,cc049904061e2dabae88,0
86167,5,4,2,3,2,5,6,5,82,94f640462c5aaf57c5a6,0
86183,6,2,2,1,,6,6,7,61,a4862f201c1af2311c7e,1
86187,7,2,2,1,1,5,6,7,58,a4862f201c1af2311c7e,1
86201,7,3,5,6,2,6,6,6,62,6ad0170a5a28d9eceb63,0
86199,6,5,3,4,1,6,6,5,68,5f185033a5812733a278,0
86344,,3,2,,3,7,5,4,77,c04a0983edc44f1415ce,1
86348,6,5,5,5,2,6,5,4,61,c04a0983edc44f1415ce,1
86366,6,3,2,3,6,3,3,2,72,c5404febd4bc7e29fc92,0
86367,,4,5,4,7,4,5,5,75,fc26a39e59508ad25bc2,1
86391,7,2,5,4,2,5,6,7,66,477dcd962fa2b218d3fb,0
86488,,4,5,4,2,3,,3,72,1d85f4e5167f774b032e,1
86530,7,5,3,3,4,7,7,7,74,60a7b30b23a64f25769f,0
86536,2,5,5,5,2,5,5,5,68,43d6e63190de87b442d5,0
86656,2,1,5,4,1,3,2,2,82,ef2e7f01f1ab0d167a30,0
86749,5,3,6,6,1,5,6,6,68,26e6f0a1d86e228c8f41,0
86766,5,3,7,6,1,,6,6,63,c53e31707e98625cf105,1
86810,7,4,7,7,,4,,3,71,504d26dea6cfcc759653,1
86853,,,,,,,,,127,e9451bd95d6efb7b93fc,1
86854,5,3,6,6,2,6,6,5,68,bdcf485de4f3797532b4,0
86899,3,3,3,3,4,4,2,6,58,9369cc6e504cb8fd133f,0
86902,6,2,3,4,7,6,3,4,59,9369cc6e504cb8fd133f,1
86935,5,3,5,3,3,5,5,4,85,2e2c33b5f0e2440604de,0
86938,2,6,2,6,2,6,7,7,81,7027e1e407686fa7e6ab,0
86943,5,,4,3,3,5,6,5,76,2e2c33b5f0e2440604de,1
87002,7,1,1,3,7,7,7,5,65,b74db93301bd05f11bc5,0
87107,5,4,3,5,2,6,6,5,92,aee4f6e2ada7dc347e0e,0
75182,7,,,,,,,,21,dc7cbbefb7aea31f27ba,1
87121,7,2,6,7,2,6,5,2,60,dae0aff51df79ffb3f17,0
87176,5,1,3,5,2,7,5,4,91,e3342a7dc00a46dce9dd,0
75314,,,,,,,,,7,779dcec5e4334a35fb54,1
75319,,,,,,,,,16,0f4a3af9b29781e480a7,1
87290,6,5,5,5,2,5,2,5,85,478d22501938d70510e1,0
87296,6,5,6,7,5,6,4,5,67,a4bbf04397ebeda101b1,0
87336,7,2,5,6,4,6,3,3,76,79db5a7cb86f310995c8,0
87389,3,1,4,5,6,7,6,6,58,bcfcdd061d9c59181fab,0
87534,6,3,4,5,2,5,5,3,74,034b8e04528066ec7f93,0
87540,6,3,5,5,2,5,4,4,59,037c0e55cd69e9f67cf4,0
87619,5,4,6,6,2,5,,4,68,d0f247b569a9de0ee0e0,1
87672,7,3,6,3,1,5,5,6,64,5df8bb3ebc73898f6ad9,0
87697,5,3,4,4,4,5,4,4,80,ec1018c8bdb914b880c3,0
87777,6,7,5,3,3,5,6,7,66,49b8d07c238165ab73a6,0
87786,7,3,5,5,2,4,4,,66,127a2f8bfa5f443d73ef,1
87796,6,,5,3,5,5,6,7,62,e24d4d97d1d159f71aff,1
87909,6,4,4,4,2,5,5,5,62,df802fa5bf7d104315e9,0
87932,7,5,,4,2,3,3,5,73,e1b97ccbfd11c75c6779,1
88008,4,3,5,5,2,4,4,4,65,05d39846395baae7ca08,0
88012,4,3,5,4,2,4,4,4,57,05d39846395baae7ca08,1
88014,2,3,5,4,2,4,4,4,58,e3f59e38fc4c0e45a7ed,0
88018,6,2,7,5,1,3,5,7,77,b18dfd86956b4ed925e8,0
88085,6,4,4,5,2,6,7,7,57,aee4f6e2ada7dc347e0e,1
88168,5,2,2,3,1,5,6,5,86,0dee0d54b878ecc63fed,0
88176,,7,3,4,7,1,6,1,60,770c3d6010089fe56375,1
88193,1,7,1,1,7,1,,7,58,991bc0da362e0d7e5bfa,1
88201,,7,5,5,5,7,5,6,65,2866635bae5f52ac69ee,1
88236,5,5,6,5,3,5,5,5,68,62e00bede96cd71f1afd,0
88267,4,3,5,6,1,3,2,1,63,7846aca7245c1cb1b891,0
88283,5,3,3,4,2,7,6,,63,ea7f949a6b3ac9676e7e,1
88303,5,7,6,7,1,4,6,7,80,99ff31387ce2656ee30f,0
88324,7,3,3,,3,6,4,4,64,5f6a17ad4a50647dee44,1
88342,6,3,6,5,2,3,6,5,79,c0164d1f255d2d42fb6c,0
88388,5,3,4,5,3,4,4,3,70,babe4bfcd7f162b4262c,0
88408,5,3,3,5,2,6,3,5,71,5db6d051ee4e4b282efd,0
88412,6,3,2,3,4,4,5,6,90,261e88e2b162a1e0453c,0
88536,7,6,7,7,1,2,2,1,71,255e35cc514299dd3211,0
88561,7,5,3,5,1,,,5,73,d7957b6bc1c17016bd5b,1
88566,4,4,3,6,3,7,6,5,77,70e3225c419926ea7f1f,0
88568,5,3,4,5,,7,4,5,60,70e3225c419926ea7f1f,1
88608,5,,3,6,7,3,2,6,600,e205bde68b260598e02c,1
88619,7,4,4,3,1,6,6,6,84,80508c33173184d00f2b,0
88644,4,2,3,3,,2,3,4,102,8e3d50fb71a2249f361d,1
88675,,4,3,4,1,5,,3,664,227503c6a70626eb5c8c,1
88692,6,3,3,2,2,5,2,5,77,37de865a9bf3c3db56c1,0
88763,6,,5,6,,,6,5,80,dba13ae51346dbdf834f,1
88776,6,2,5,4,2,6,6,5,75,38e1e7d8d7176e026298,0
75968,,,,,,,,,87,9c34374870a288f6afc6,1
88932,6,2,6,5,2,5,4,4,77,8aaee28c4968ec09d98d,0
88965,7,3,6,6,2,5,4,4,83,2a289b54e6b2398df4e4,0
89019,7,1,7,6,1,7,2,3,74,a5331a2ebfbcf9f8aac5,0
89037,5,4,5,5,1,3,5,4,64,81d4c6b31d3c346c3e3f,0
89085,5,4,1,5,5,5,7,6,300,23570e6640af75e8c98f,0
89112,5,2,3,2,2,3,6,5,62,1f1cadb3136c4e4bca3b,0
89127,5,3,4,5,2,3,6,6,61,5c387d2992f60f1d180a,0
89149,,6,2,3,3,7,6,5,67,74324b929d9386e8a071,1
89193,6,4,5,5,3,7,6,5,82,6a02739ee1ad61437c4e,0
89218,7,3,5,6,1,5,5,5,73,8daaeba67272a27d5c07,0
89223,,4,3,3,,6,3,5,86,8daaeba67272a27d5c07,1
89236,5,2,5,5,2,6,5,5,82,a6ad03eeca2fc4b7b824,0
89239,6,3,6,6,1,5,,4,74,5d72a1a547280aaeaa2c,1
89241,6,3,6,6,1,5,3,2,73,b3737721710f2a55ef56,0
89323,5,3,6,6,2,6,6,4,72,888fdf5652ef32910dd8,0
89430,7,7,4,2,5,7,5,6,65,2e68383ed142f53c15a0,0
89433,4,7,5,3,4,5,,5,60,e034633e1dbcc7d4102c,1
89449,7,4,3,5,2,4,3,5,111,5acc8a08c4485b2aca9d,0
89466,4,,4,5,2,4,5,5,82,7a4be8e39348d91c9a7d,1
89468,7,4,5,5,2,4,5,5,60,7a4be8e39348d91c9a7d,1
89487,6,2,,4,2,6,6,5,73,8a7751216205c6dd8d25,1
89512,6,7,2,3,5,7,2,3,72,ebb29965aad80a5bdc2b,0
89516,3,2,,2,4,,2,2,114,518cce37a2cf1ee9d629,1
89540,7,4,6,5,1,3,5,6,62,f1c49e7f054189e99e77,0
89542,4,2,1,1,6,6,7,7,61,518cce37a2cf1ee9d629,1
89582,5,3,4,4,2,4,3,3,65,d95b80ace88beda0486b,0
89667,6,3,,3,2,7,7,6,60,68e992d7339713479fa7,1
89669,6,2,2,4,2,7,7,7,58,68e992d7339713479fa7,1
89678,6,1,3,,1,7,7,7,88,68e992d7339713479fa7,1
89681,,3,4,1,,1,2,2,80,f9c9b37c65c0d689ab09,1
89682,6,3,3,4,2,6,6,6,62,68e992d7339713479fa7,1
89700,,,,,3,5,3,5,72,cb14bb1f3b0f262a9ba5,1
89736,6,4,4,4,3,5,6,3,71,a60a8e11107b2a1bc600,0
89763,,2,3,5,1,7,5,6,101,f7d32b228adcf9d829c5,1
89795,6,3,5,4,1,4,5,3,68,3fd6edc0afb3a73cf337,0
89885,7,1,5,2,3,7,4,5,100,9c29358d2348d2fd8d10,0
89891,6,2,2,4,3,7,5,5,87,ca3f347bab62af89bed5,0
89893,6,2,3,5,2,6,5,5,74,8300d3f8321da9952973,0
89936,5,5,5,5,1,4,7,7,62,6fce499c792745fedce8,0
89956,,,,,,,,,28,1a575954af377cbdce78,1
90018,7,2,6,5,2,6,7,5,76,589541210367e6cad6a7,0
90053,4,2,5,3,1,6,6,4,67,a26f7ca051c7c5e944e7,0
90211,5,3,2,2,5,3,2,6,83,dd8d4563a5b38be5e21b,0
90213,6,2,2,2,2,6,6,6,68,dd8d4563a5b38be5e21b,1
90237,6,2,2,2,2,6,6,6,58,dd8d4563a5b38be5e21b,1
90242,6,2,2,2,,5,6,6,57,570308a2bdd9421c3afb,1
90261,7,3,5,3,2,6,6,6,98,3bff3aaaa7a126c741dd,0
90333,6,4,1,2,1,4,6,6,60,a94f300cd74b7fd8cad1,0
90348,5,2,2,1,3,6,6,6,69,344cd91dd3bbeca8db36,0
90361,5,5,5,5,5,6,6,5,59,22b6a8f4b8480bf535fd,1
90409,5,2,4,4,4,5,4,4,64,eb794c3c253277196d55,0
90416,6,1,1,5,2,7,7,7,58,344cd91dd3bbeca8db36,1
90433,,3,5,3,2,2,2,3,75,bb1cdd836495d0fc0aa3,1
90444,6,3,4,5,3,4,5,5,62,facdc78b7c8defc9cfed,0
90465,4,3,4,3,4,5,5,5,73,992f5a97e2b278b5d50d,0
90468,6,4,6,5,4,5,5,4,63,0759b4c8de9ba2cbae63,0
90490,6,5,,5,7,5,6,6,59,1a575954af377cbdce78,1
90586,6,7,2,3,,5,7,7,60,930c99aec4a9571793b9,1
90592,7,7,7,1,1,7,7,7,59,930c99aec4a9571793b9,1
90631,5,2,7,6,1,4,3,2,71,24bb95f25960162b6818,0
90639,6,5,3,4,1,5,6,5,111,63dcd0deb0c016057de7,0
90659,,,6,6,2,6,2,2,84,71a5a1779a535580b9ae,1
90665,1,3,2,3,3,3,3,3,60,77756ea4186dd08f4d9c,0
90674,2,4,4,5,7,7,7,7,63,b5380f5065d5eed43d8b,0
90671,7,2,5,5,5,3,2,,58,4002e5cae4d76ac33398,1
90684,3,2,5,5,1,5,4,3,81,d4a0571058921ea2ddf9,0
90714,4,2,6,7,1,5,3,5,87,dbb80f895699863fd37d,0
90727,4,7,3,4,3,,4,5,65,e034633e1dbcc7d4102c,1
90733,6,4,3,4,2,4,5,5,64,880410e5e5472a37795a,0
90779,6,5,4,4,2,3,6,6,58,dea732827dfb9c35f700,0
90800,6,4,5,4,2,6,5,4,87,b65fbd1d4f7a69cc20be,0
90851,7,4,3,4,2,7,7,6,94,e8b81e38667255be1945,0
90852,7,4,3,4,2,7,7,7,66,e8b81e38667255be1945,1
90864,7,4,4,4,2,7,7,7,62,0d5fd29bf27f40459dc8,0
76566,,,,,,,,,16,7429fcf3579cd84e1f6a,1
90886,7,2,5,5,6,6,6,6,83,34d30988e565a32f49ea,0
90952,5,3,2,6,4,6,5,5,79,099fa40323f661d55b91,0
90953,4,3,6,6,2,6,6,6,62,099fa40323f661d55b91,1
76600,,,,,,,,,104,000c7374ddf798922c1a,1
76601,,,3,5,,,,,39,000c7374ddf798922c1a,1
76602,4,3,,4,1,,7,7,77,000c7374ddf798922c1a,1
91052,6,3,2,1,3,6,6,7,72,64040a7761d4b58130ae,0
91083,6,4,3,3,1,5,6,6,61,39d98864ced2c5bf87c6,0
91159,6,5,5,4,3,3,2,5,67,118d41dfc68b1cc209ee,0
91165,7,5,3,3,4,5,6,6,58,e664e610e98c8665cac2,0
91179,5,6,4,6,4,4,3,4,63,3fc65081536cb18fc932,0
91215,6,5,6,3,,6,6,7,75,6e36d33450cbc4a0f67b,1
91226,7,5,5,4,2,6,6,7,65,a27fe7c72ab8ca271a1a,0
91310,7,3,4,2,1,4,4,5,81,a533833a7cb392e22439,0
91336,5,4,5,5,2,4,5,6,67,104f229b81b345389cb5,0
91333,5,2,6,5,,6,7,6,91,10fdbd7277dc95d14cbf,1
91363,7,2,7,7,1,4,5,5,69,05b38fe1427b350bc758,0
91378,4,4,3,4,4,4,5,5,59,bad7ab195649abb00040,0
91382,5,6,4,5,5,4,5,5,70,41f000a0963e4e2ee078,0
91386,7,3,,4,2,6,7,4,80,6bc77ca4018975e9ec09,1
91404,7,5,3,4,2,6,7,4,60,701f94ea00cfe46ee3ed,0
91419,7,1,1,5,3,7,7,5,67,d86ac0ee914d6ecd1ab9,0
91420,7,1,1,3,3,7,7,5,57,d86ac0ee914d6ecd1ab9,1
91563,7,2,7,5,2,6,4,6,269,30d1b7320a2c7cd7e140,0
91586,7,4,6,5,1,3,5,6,69,a061bff9b28993745e37,0
91629,5,2,,7,1,5,5,5,78,92d2a304684c6fe4dffb,1
91658,7,5,7,5,4,5,2,5,76,39e05bd17adcbc6c38ba,0
91787,3,4,5,6,6,6,2,2,64,7f0eb2c034175cc65711,0
91932,5,4,6,4,1,5,6,5,61,6df549c5ec3c9720df7b,0
91946,7,5,6,5,1,4,2,3,80,d5f20450eae9bc9efc79,0
91955,6,2,5,4,2,4,2,2,65,eff061f780f57c9b85c4,0
77459,,,,,,,,,12,bb69f019dce25366f0a7,1
92041,6,2,6,4,2,7,6,5,69,efaa1242613cca0acbcf,0
92045,6,6,4,,1,7,6,6,60,3bdd3bd92e778a1d7359,1
92079,5,1,5,6,1,,3,3,81,d9bbe41e879979c2b77a,1
92206,6,1,2,2,2,7,7,5,70,b2966addb1910400da1c,0
92232,6,3,6,7,5,5,4,2,67,6030982964dcba33c7aa,0
92271,6,3,3,,2,6,6,7,92,8fd6da5de8d540c402c8,1
92283,6,2,5,5,2,6,3,4,61,fafc7fce16d7eadf1f35,0
77674,6,,,,,,,,20,3c8356a168244c2d2fe4,1
78235,,,,,,,,,14,c97f5cfd215c3e858b82,1
92399,7,4,2,3,2,5,4,4,73,fb84c05d7dc59e6ee3de,0
92432,7,3,7,7,2,5,,4,60,eb8161a2ee33ebdfddac,1
79310,,3,4,,,,,,50,90ce39e14ac00dd99b61,1
79316,6,3,,,,,,,27,ba9975cfefc3301f2404,1
79357,,4,4,5,1,4,3,3,111,bbbec5ead0dfb747cc0c,1
79442,5,4,4,6,,,,,43,97ff947200aea6760cf1,1
79737,7,4,4,2,,,,,87,84b6ef061214bfe794be,1
79720,6,5,6,7,,,,,71,71aa6ddbca48563a1423,1
80545,,,,,,,,,13,fcf4e677633d038af165,1
92499,6,3,6,3,1,3,3,5,72,15306d68c7d77c40b185,0
92515,5,5,3,5,2,5,5,4,69,a589011847a4ba20b36c,0
80833,7,,,,,,,,71,eed4405fd7873ffeb419,1
92516,3,2,6,6,2,6,5,5,82,309c40c333d18730d4be,0
92536,6,2,6,6,5,6,7,6,85,7ad8a238c44fcb50eeca,0
81083,6,3,6,5,3,4,6,6,77,5a86dd9596aab1c17ac3,0
81138,,,,,,,,,22,49670ea314a9a0e6579a,1
81200,,,,,,,,,17,a00609f8a69083ca6c76,1
81428,6,3,5,4,1,6,5,5,81,659327b57862fab2fdd8,0
81562,,,,,,,,,994,418525c6fdbc10f638dc,1
81927,5,1,4,5,3,7,4,,66,fa77b63436397764300c,1
82171,6,3,6,5,5,,3,3,85,66196746888de7450636,1
92573,4,2,4,5,2,2,2,1,62,3a90fed19e009aec2868,0
92574,7,4,4,4,2,4,6,5,72,534dbea4c8c2e5346150,0
92582,2,4,4,4,5,4,2,2,57,a06ae2c9001bad16f8ae,0
82620,3,3,7,6,,,,,49,179125af67c1abc80851,1
92593,5,3,3,3,4,3,2,1,70,64a8df9c0933b6f66315,0
92594,5,4,5,6,4,5,7,6,59,64a8df9c0933b6f66315,1
82795,7,2,5,7,2,6,,,57,2a327b53be9cd6663548,1
82912,6,2,5,,,,,,29,b2e9673476827cd3cb36,1
82973,6,2,5,5,4,6,5,4,939,3f815689fdc93f1df1f2,0
83010,7,4,3,4,1,,,,48,0ae59414803d83c6fb1f,1
92624,5,4,3,4,2,6,7,7,427,f9e1e6ea9d90c5fe1385,0
92628,7,4,4,5,2,4,6,6,73,fb7a9271948e118df91e,0
83410,6,,3,6,5,6,6,6,77,97b55ceeb9ae0923e73b,1
83453,5,,4,,,,,,34,c97f5cfd215c3e858b82,1
92750,7,3,5,5,1,5,5,6,68,53a52b55efa009391730,0
84041,6,2,5,4,1,2,4,4,80,6dbdf2516b38776b7d13,0
84088,3,,6,7,1,,,,68,35ac2ca30be6976ed2b9,1
84095,7,2,3,3,,,,,35,35ac2ca30be6976ed2b9,1
92880,5,2,7,6,1,5,,5,82,7bcdf83a6a099d838217,1
92897,6,,5,6,1,5,2,3,88,55bd6f990bdfaa4c9923,1
92898,7,4,5,6,1,4,1,3,66,b002a1d60b034b68e824,0
92904,6,2,3,2,,4,4,6,88,9882fc8828e776420076,1
92906,6,2,3,,3,4,4,5,64,77bb67e9401f2d998930,1
84406,6,5,6,6,,,,,36,e4878b3237c899776f1f,1
84614,2,5,5,5,5,5,6,6,61,6369999cd576743d37e9,1
84888,6,4,3,,,,,,33,c0f123599062b3e4c5aa,1
85040,5,5,5,5,5,,,,50,927c1877af44b0218ac3,1
85106,,,,,,,,,12,d902b5afe35240f2818c,1
85600,,,,,,,,,19,2e0102a586e4d50f46be,1
85648,,,,,,,,,6,66ba858f5b70d7a073e0,1
85775,7,2,2,2,2,6,6,5,66,bd5da3ea4b3a1ee17a46,0
85815,,,,,,,,,17,e5cb610f76978476e675,1
85849,,,,,,,,,11,f8df5bcae218af1cc7fb,1
86064,7,,,5,7,,,,91,7be40cb807e6ce523120,1
86088,,,,,,,,,32,eba568779dd7c8120d93,1
93074,5,4,6,5,2,4,3,3,72,996b28395529bca49f59,0
86197,7,3,4,3,,,,,61,6ad0170a5a28d9eceb63,1
86206,,,,,,,,,15,c6f0de0f88a1628eef02,1
86734,6,2,1,3,2,6,4,,71,d8e3415ce97761a1c687,1
93141,5,5,7,7,1,1,2,3,99,e008f9bc07a50872590c,0
93164,4,3,5,7,2,4,3,4,67,7c6f7226a36118c1386f,0
87338,7,,,,,,,,20,79db5a7cb86f310995c8,1
87339,,,,,,,,,16,8a56d06e7e7bd0005b9c,1
93228,5,4,4,5,3,4,6,5,72,ccb39571b470ba151f89,0
93288,7,5,5,3,3,4,3,5,67,a5e5b908781d82f728af,0
87833,,,,,,,,,14,b1ddb559a8cd5efadb8e,1
93328,6,5,4,5,3,3,4,4,80,7819c62745aaa836fd01,0
88224,6,3,,5,6,4,5,5,93,45a29701bb78dce62322,1
93375,4,2,3,5,1,6,5,5,71,42ded19e6b70f404dbd5,0
93394,7,4,5,6,4,5,4,2,73,74041899649003def184,0
88552,,,,,,,,,11,a8cec032961dc973d0bf,1
93446,7,4,,6,,5,,,82,992fadeee97fdca47318,1
88936,,,,,,,,,11,75adbea496268a86c5ab,1
93485,,2,5,5,3,6,6,6,90,1a7e8d4f0eef8153441d,1
89150,,,,,,,,,17,74324b929d9386e8a071,1
89250,,,,,,,,,13,d98ad1f940959b87c674,1
93538,6,3,7,5,4,,5,4,70,77ac1c890e718b2fe3b9,1
93559,7,7,6,3,3,7,5,6,68,6f354a0d7d49858f6f10,0
93586,6,3,6,7,1,7,4,6,74,4d9bc9a5ae41717af86e,0
93753,5,3,4,4,2,4,,4,73,5ce30eed3a66cace857d,1
90678,1,,,,,,,,16,a4449af1f98f0b4e0b74,1
93790,6,6,,2,2,6,6,6,83,27cade21d0ec19a30b25,1
90688,,,,,,,,,15,70725b9de99117c87316,1
90716,7,3,5,6,1,5,6,5,69,a7a768503634b48308ce,0
93812,5,3,6,6,2,6,,4,98,5d94241f6a9be8273772,1
91181,,,,,,,,,15,03ee783faf61a1526eef,1
93902,6,2,3,4,2,6,5,5,79,bc3a05751c0a0d37420b,0
93945,5,3,4,2,1,6,7,7,83,6af40886e352465f81f2,0
91955,6,3,5,5,,,,,51,eff061f780f57c9b85c4,1
92238,7,,4,5,,,,,58,f6e6f47bb90da4b36a0c,1
94049,5,6,5,4,2,5,5,5,68,e1c5968be2814e61fc81,0
92597,,,,,,,,,12,084d08558c6185b0e3a2,1
94142,5,3,6,5,4,5,3,4,92,ef1ee9b11a515b498f9d,0
94273,5,5,7,7,5,6,2,2,68,828373f6aa756eade306,0
94329,7,1,4,3,7,1,3,2,69,84f2363fd95367cac311,0
93144,5,,,,,,,,38,e008f9bc07a50872590c,1
94550,6,2,,5,3,3,5,6,95,58300f9ccd636ff34521,1
94585,6,2,5,6,1,4,4,4,69,73c564c8d8c35ae65edb,0
94587,5,2,6,7,1,4,5,5,76,238d8f63c5ee484e098e,0
94595,5,,4,6,,3,5,5,80,95962c681dbacca6fba3,1
94616,7,4,4,3,2,7,7,7,111,0275a1095be0205214cb,0
94659,,3,7,4,6,6,2,3,140,0d6ebb0ff20555aacab9,1
94660,6,,7,6,1,5,,3,58,0d6ebb0ff20555aacab9,1
93791,,,,,,,,,12,a9154b44125e2d8b2697,1
94731,,3,6,5,3,7,4,6,77,eb0448d3bd5cd644d3d1,1
94761,3,4,,3,2,6,6,6,74,9c4382f2862d351cedbc,1
94764,7,3,5,7,2,5,4,5,71,49b7be982327bc38e80c,0
93903,7,,,,,,,,19,bc3a05751c0a0d37420b,1
94798,5,2,6,6,1,6,5,4,67,28c29ef346d98a87424a,0
94818,5,5,5,4,4,3,4,4,307,d86bd82244879460097d,0
94873,6,3,4,4,2,5,5,5,86,c8a3b77d04b65a09a3cb,0
94991,6,2,7,7,1,6,2,3,93,2e2657bec15168ba83b6,0
95022,5,5,7,6,3,6,1,6,69,428cb0c0dadd4a0b157b,0
95054,6,3,6,5,2,6,3,4,77,786cea4813d902f28c72,0
95141,6,5,6,7,2,5,5,6,69,749aa05ff59f60a0066f,0
95162,7,5,5,4,2,5,5,5,67,81a489d5d429d3bacb09,0
95177,5,3,6,5,2,4,4,4,47,92a7ceb932412f19462a,0
95188,6,4,4,4,1,3,5,5,58,4b60afbbe662a0a48455,0
94143,,,,,,,,,11,c1ac0ed215b6fa467e5d,1
95288,5,2,2,2,4,4,5,2,80,58cf8c30a9fbe61a86ab,0
95289,5,3,2,2,,4,3,2,57,d7d865fc36fe5265f25a,1
94328,,,,,,,,,35,84f2363fd95367cac311,1
94330,,,,,,,,,15,84f2363fd95367cac311,1
94492,3,1,4,5,1,7,,,78,2e480d884dc4aa7188a5,1
94619,6,2,5,5,2,7,,4,92,dde9383e9a55517e0812,1
94736,,,,,,,,,12,a431645af92a0ab1a3bc,1
95114,5,5,7,4,1,4,6,6,74,4eebd2a17c35be0d2937,0
